Area,Perimeter,Eccentricity,Orientation,MajorAxisLength,MinorAxisLength,CentroidX,CentroidY,MeanR,MeanG,MeanB,StdR,StdG,StdB,RelacionAspecto,Circularidad,Compacidad,Etiqueta,BoundingBox_1,BoundingBox_2,BoundingBox_3,BoundingBox_4,Area_Scale,Perimeter_Scale,MajorAxisLength_Scale,MinorAxisLength_Scale,CentroidX_Scale,CentroidY_Scale,Circularidad_Scale,Compacidad_Scale,BoundingBox_Scale_1,BoundingBox_Scale_2,BoundingBox_Scale_3,BoundingBox_Scale_4,Clase,NombreImagen
31950,979.486,0.728345166365644,-72.6852318850886,244.213970901027,167.337957384778,702.444569640063,643.797057902973,166.094366197183,146.438591549296,119.975524256651,6.2728364253972,7.74275968915385,13.3969729358969,1.45940571235419,0.418489205884191,30.0279444192801,1,613.5,528.5,179,235,1.00337183442141,5.48905431444251,1.36287360853616,0.941673676537915,3.92009991029533,3.62288838667833,0.418481933423273,30.0284662507735,3.42373106563912,2.97406844106464,0.998937018336434,1.32243346007605,frejol_canario,img1.jpg
29919,980.476,0.713191816909103,-15.1448252547492,234.049647551926,164.061529587048,1086.46599151041,1507.46328420068,167.162672549216,146.192018449814,117.90424145192,5.10189401808733,7.51132988733973,13.3645010664292,1.42659676610989,0.391095665541438,32.1311937757278,2,973.5,1419.5,227,177,0.939589418280253,5.4946022893715,1.30615003948723,0.923235983987953,6.06319049208574,8.48306334835361,0.391088869122551,32.1317521578999,5.43276640977943,7.9880608365019,1.26680839755514,0.996045627376426,frejol_canario,img1.jpg
33152,1103.173,0.698637547099157,-28.4554707798095,243.527742652751,174.23819924635,1161.87071669884,1894.91599300193,164.361064189189,144.868937017375,119.227738899614,7.46045260294543,10.1012871890639,15.6117494955009,1.39767137003313,0.342320060116961,36.7094192787464,3,1046.5,1794.5,233,194,1.04111997041435,6.18219812761641,1.35904400630023,0.980503934922425,6.48399815324892,10.6634055879957,0.342314111315358,36.7100572222171,5.84015413234122,10.0983269961977,1.30029231995748,1.09171102661597,frejol_canario,img1.jpg
27148,1034.879,0.704567310549233,-22.8641265575851,229.283441066785,162.70805093145,1292.15724915279,927.092935022838,171.989759834979,149.965780167968,118.022395756593,7.1121116824139,8.17254889773759,10.4533590106208,1.4091708416038,0.318543359546403,39.4494822690806,4,1180.5,840.5,225,173,0.852567717085207,5.79947752175727,1.27955149147023,0.915619450108538,7.21108217704189,5.21710092712472,0.318537823933774,39.4501678299021,6.58796173266011,4.72980988593156,1.2556470900877,0.973536121673004,frejol_canario,img1.jpg
26779,884.219,0.771543201643312,-77.6026498191304,232.134477741379,147.67859971298,1277.65738078345,708.285820979125,170.968744165204,145.804473654729,112.286157063371,6.60360656349741,8.33140366945745,13.4065733139525,1.57188975377978,0.430412161264847,29.1961327891631,5,1198.5,590.5,160,233,0.840979478997523,4.95517660983622,1.29546213993329,0.831043070628178,7.13016343248803,3.98579093174565,0.430404681608078,29.1966401652712,6.68841349986713,3.32296577946768,0.892904597395695,1.31117870722433,frejol_canario,img1.jpg
25441,1094.058,0.809894263029386,70.3021352471629,239.353558975382,140.399028509351,1813.16992256594,1084.0858849888,173.315514327267,144.882080106914,109.7202940136,8.93861923214793,9.33382096727196,11.3923930750501,1.70480922494019,0.26709351879915,47.0485793547423,6,1726.5,961.5,171,232,0.798960339264946,6.13111753016412,1.33574933257587,0.790078183246536,10.118673498242,6.10055935278867,0.267088877276383,47.0493969741598,9.63499867127292,5.41072243346008,0.954291788466649,1.30555133079848,frejol_canario,img1.jpg
25925,809.324,0.689061477875625,4.1050671543199,214.220577618672,155.246271835693,1878.80270009643,670.71324975892,170.375853423337,142.838534233365,109.036914175506,7.31820688366301,9.63229237150096,13.5494455196651,1.37987582623173,0.497374814808873,25.2653939045709,7,1773.5,595.5,213,157,0.814160087867762,4.5354639004354,1.19549086632796,0.873629210330133,10.4849473032222,3.77435593020229,0.497366171482231,25.2658329715295,9.89728939675791,3.35110266159696,1.18867924528302,0.883498098859316,frejol_canario,img1.jpg
26639,1125.289,0.744877015306565,26.0529481243579,227.673493556062,151.904163031407,2224.02871729419,1641.91152070273,166.987499530763,145.563572206164,114.674312098803,8.63958459672942,10.9924587833634,15.1837684807996,1.49879693230652,0.26436236885788,47.5346421983183,8,2111.5,1554.5,223,175,0.836582857500841,6.30613652512103,1.27056693188342,0.854821906032253,12.4115341650752,9.23965418494311,0.264357774796746,47.5354682646309,11.7835503587563,8.7477566539924,1.24448578262025,0.984790874524715,frejol_canario,img1.jpg
24636,1193.932,0.602488122307803,32.869084240469,208.106783589493,166.095819434991,2267.76250202955,612.247848676733,171.00629160578,149.707379444715,115.034786491314,8.32110793196366,9.26951503630028,11.4755839641354,1.25293209845624,0.217180523003878,57.8614069095632,9,2166.5,524.5,217,176,0.773679765659023,6.690812932243,1.16137189885181,0.934683698721625,12.6555972741484,3.4453491104242,0.217176748863844,57.8624124364135,12.0904863141111,2.95155893536122,1.21100186021791,0.99041825095057,frejol_canario,img1.jpg
42468,1493.058,0.742831089339347,5.06338947990072,286.230002487737,191.624941903642,2474.74927003862,2186.97398040878,157.486107186588,141.653621550344,115.619854949609,11.3802270410182,14.9268707973827,21.885130371229,1.49369909597502,0.239396785712091,52.4918101008759,10,2334.5,2090.5,285,196,1.33368372657929,8.36711954700006,1.59735053208676,1.07834568067449,13.8107187538695,12.3069258213118,0.239392625500206,52.4927223138223,13.0280361413766,11.764030418251,1.59048631411108,1.10296577946768,frejol_canario,img1.jpg
23499,1112.949,0.696480831490691,-58.8309127273159,208.295533229321,149.467750093511,2527.67926294736,1219.56819439125,164.715732584365,140.693603983148,115.725562789906,12.5242688804926,14.6683887524508,15.2710678547306,1.39358178000944,0.238401354246745,52.7109867058598,11,2439.5,1121.5,183,196,0.737972918218111,6.23698297903643,1.16242524523405,0.841111293301888,14.1061027164216,6.8629693068405,0.238397211333362,52.7119027277001,13.6140047834175,6.31110266159696,1.02125963327133,1.10296577946768,frejol_canario,img1.jpg
33849,1248.614,0.760129356917549,75.1219312165953,260.409413377871,169.20668699079,2551.59797926084,288.50293952554,166.158438949452,148.3789476794,118.927087949422,10.3546644668274,11.224035451593,13.5202366478911,1.53900190358343,0.272834512895115,46.0585813759934,12,2456.5,156.5,186,265,1.06300886457998,6.99725168483604,1.45325476506386,0.952189721469082,14.2395847899223,1.62351464067604,0.272829771605963,46.0593817910323,13.7088758968908,0.880684410646388,1.0380015944725,1.49125475285171,frejol_canario,img1.jpg
24279,975.688,0.742371962624965,80.6770945105405,216.919467220319,145.333431742199,3094.8367313316,988.687548910581,158.608550599283,140.512665266279,114.65356892788,13.4629795785467,14.8692157396645,17.2405020506532,1.49256413077139,0.320493135413074,39.2094844657523,13,3017.5,881.5,155,215,0.762468380842484,5.46777026516947,1.2105524346603,0.817845927674732,17.2712121599691,5.56371700527627,0.320487565917448,39.210165855845,16.8396226415094,4.96053231939164,0.865001328727079,1.20988593155894,frejol_canario,img1.jpg
24005,792.842,0.670898702624639,-21.0108712884397,203.386205259456,150.820838689432,3198.10947719225,1614.8144969798,156.129681316392,138.945802957717,115.035867527598,12.6221135826786,15.4247188005806,17.9735221090066,1.34852853907189,0.479886218067335,26.1861460930639,14,3095.5,1535.5,204,163,0.753863564484691,4.44309852389031,1.13502798576896,0.848725632168664,17.8475415947481,9.08716903243383,0.479877878655667,26.1866011610343,17.2749136327398,8.64083650190114,1.13845336167951,0.917262357414449,frejol_canario,img1.jpg
27257,1069.819,0.743550556094213,-20.9907811508613,230.692534210525,154.259419629223,3333.3449756026,702.126683053894,160.313754264959,143.339068863044,117.60901786697,12.7131904660426,13.9016872899893,14.7045233823865,1.49548426128542,0.299272839875018,41.9896794497193,15,3218.5,611.5,245,177,0.855990800964767,5.99528180864511,1.28741515238401,0.868075821487643,18.6022440838838,3.95113114418161,0.29926763914343,41.9904091545844,17.9613340419878,3.44114068441065,1.36726016476216,0.996045627376426,frejol_canario,img1.jpg
26165,978.633,0.707931995770571,63.6393960946388,221.899301729726,156.723172503746,291.573476017581,795.890387922798,170.965755780623,151.718249570036,124.232982992547,5.95237082486987,5.28641134660185,9.5122281789711,1.41586785275433,0.343313507210195,36.6031931469138,1,203.5,687.5,182,217,0.961329912994137,5.93297413135994,1.3705545106836,0.932276106533539,1.80089499893212,4.73439619825458,0.343192201519417,36.6161310155767,1.25691176470588,4.08963022508039,1.12411764705882,1.29083601286174,frejol_canario,img10.jpg
21860,980.392,0.756368929260268,81.5636196797608,211.041131140234,138.051559095895,468.498627630375,688.105535224154,171.872186642269,151.261390667887,122.017200365965,6.93615176205281,5.28133616821127,8.6820341952048,1.52871240659903,0.28579886789537,43.9692805884721,2,396.5,578.5,145,213,0.803159636845092,5.94363808965387,1.30348933939556,0.821207023560791,2.89366799418761,4.09323228348773,0.285697884309331,43.9848220953338,2.44897058823529,3.44123794212219,0.895588235294118,1.26704180064309,frejol_canario,img10.jpg
16668,1222.339,0.858552151313696,-83.698168132573,215.632328224239,110.560354195541,828.408867290617,1814.73740100792,172.283597312215,151.217062634989,122.866690664747,6.26979105909526,5.60759940970942,8.22269024995627,1.95035851497784,0.140187734890525,89.6395866883249,3,772.5,1690.5,133,222,0.612400037828636,7.41044463731795,1.33184673314971,0.657674132674439,5.11664300385381,10.7950617101757,0.140138201243691,89.6712709513593,4.77132352941176,10.0560289389068,0.821470588235294,1.32057877813505,frejol_canario,img10.jpg
12911,2095.738,0.647108079249752,70.72035879512,205.854554183682,156.943157556859,951.844628611262,724.824955464333,174.821315157618,155.202308109364,125.858570211448,5.93800122638686,5.44391566384895,7.21319552721768,1.31165039233458,0.0369399045508385,340.184165800015,4,885.5,616.5,174,195,0.474363864195196,12.7054363996595,1.2714545993698,0.933584699293214,5.8790403531872,4.31165970292288,0.0369268522806985,340.30440826194,5.46926470588235,3.66728295819936,1.07470588235294,1.15996784565916,frejol_canario,img10.jpg
13980,1459.57,0.854374762129991,-46.1558197384015,220.001112442309,114.325196025777,991.715236051502,1177.38547925608,173.377610872675,150.360944206009,127.4830472103,6.30174320281089,6.41828725581246,7.76784632017676,1.92434493961161,0.0824645282429686,152.385163440629,5,913.5,1085.5,185,169,0.513640060525818,8.84866037923208,1.35883040037897,0.680069494044012,6.12529998737693,7.00373998914388,0.0824353903956275,152.439025933523,5.64220588235294,6.45715434083601,1.14264705882353,1.00530546623794,frejol_canario,img10.jpg
18748,1251.89,0.587878863638324,-11.1942429195016,183.061075578687,148.087069172727,1011.2726690847,1497.68081928739,173.171911670578,153.047311713249,122.887294644762,5.30508867953989,4.91345613956377,8.83274183348679,1.23617191292486,0.150325434637988,83.5944405856625,6,921.5,1421.5,194,149,0.688821448836769,7.58959792415358,1.13067134916248,0.880903787683427,6.24609589728787,8.90903381248126,0.150272318957109,83.6239881141773,5.69161764705882,8.45586816720257,1.19823529411765,0.886334405144695,frejol_canario,img10.jpg
27444,1136.024,0.635254486902482,46.6542896096545,217.162494202416,167.715219477523,1043.09615945197,2271.27488704271,166.362082786766,147.584863722489,119.360989651654,6.1100064500505,7.81824783286653,11.9355645247929,1.2948287870292,0.267228184797232,47.0248698650342,7,938.5,2162.5,210,203,1.00832173255154,6.88715892944959,1.34129775830904,0.997662881136389,6.44265274955632,13.5107991672958,0.267133762938286,47.0414914091645,5.79661764705882,12.8637459807074,1.29705882352941,1.20755627009646,frejol_canario,img10.jpg
15474,1278.496,0.792838427867428,-30.7808905985733,200.292521184561,122.06464953259,1076.18579552798,977.862672870622,172.171836629184,151.844836499935,126.828034121753,7.37616517792607,6.66029234453526,7.5666640184939,1.64087245530561,0.118963493524521,105.632158589634,8,992.5,893.5,191,148,0.568531208624929,7.75089711367505,1.23710086613993,0.726108043843383,6.64702991355519,5.81686798974486,0.118921459207618,105.669495632578,6.13014705882353,5.31503215434084,1.17970588235294,0.880385852090032,frejol_canario,img10.jpg
12760,940.606,0.896652668714625,-75.4434089267359,198.46792720613,87.8686330790912,1284.47210031348,1319.8170846395,175.044043887147,148.709717868339,117.453448275862,7.6711000073105,7.71288404014069,8.64012745935963,2.25868913913214,0.181236242255176,69.3369629495298,9,1238.5,1211.5,104,196,0.468815963684509,5.7024349943257,1.22583131509669,0.522691225711636,7.93350414899502,7.85100195042788,0.181172204612908,69.3614709894847,7.64955882352941,7.20667202572347,0.642352941176471,1.16591639871383,frejol_canario,img10.jpg
8830,856.917,0.933541979611586,85.3380013781612,222.444851407802,79.7393812486299,1341.94156285391,259.97644394111,171.996602491506,153.513590033975,124.959003397508,4.97168216219496,4.18982513183992,7.92638830623015,2.78964857670782,0.151109945941685,83.1604467597961,10,1303.5,153.5,102,197,0.324423586154719,5.19506944250047,1.37392408222466,0.474333939903426,8.28846259409766,1.54648366974615,0.151056553063191,83.18984088762,8.05102941176471,0.913102893890675,0.63,1.17186495176849,frejol_canario,img10.jpg
10431,825.864,0.504637796432255,85.8031949314603,132.789842074549,114.641608593242,1546.15406001342,1076.62956571757,173.314063848145,150.042373693797,121.800881986387,6.3107232457399,6.24221295011673,7.64785503668201,1.15830407217766,0.192184668429724,65.386956811044,11,1488.5,1001.5,128,136,0.383246027993191,5.00681026290902,0.82017255398986,0.681951690988737,9.54977507655349,6.4043880918891,0.192116762292997,65.4100686706047,9.19367647058824,5.95747588424437,0.790588235294118,0.809003215434084,frejol_canario,img10.jpg
16850,956.096,0.87245873161497,-77.4778848851845,218.164564206516,106.614359973601,2328.45014836795,725.646409495549,162.940178041543,142.352581602374,117.926884272997,10.1780041278116,10.3429767735508,11.6975605622143,2.04629624246242,0.231636378692391,54.2504190632641,12,2265.5,612.5,131,210,0.619086911291848,5.79634330243995,1.34748701421671,0.63420117669184,14.3816038575668,4.31654616580954,0.231554532769244,54.2695945705464,13.9927941176471,3.64348874598071,0.809117647058823,1.2491961414791,frejol_canario,img10.jpg
14747,1242.678,0.614860757471171,27.1530743456103,170.238456263118,134.256122136838,2782.58886553197,1708.02102122466,165.234556180918,146.751542686648,121.858818742795,10.522230025511,11.0162501955678,12.513554459345,1.26801261315745,0.120004166458578,104.71611932488,13,2699.5,1633.5,199,140,0.541820455835067,7.5337500652544,1.05147281809573,0.798629665444215,17.1865782871092,10.1602536632335,0.119961764432433,104.753132581982,16.6733823529412,9.716961414791,1.22911764705882,0.832797427652733,frejol_canario,img10.jpg
12546,903.581,0.840035807675509,-39.7949242681805,187.867147904112,101.923743977524,2944.69918699187,704.89829427706,162.22660608959,145.945640044636,121.055555555556,9.4741315014748,8.9574029649491,10.5493290868738,1.84321278411378,0.193099418853736,65.077205767655,14,2861.5,619.5,189,148,0.460953376205788,5.47797049413656,1.1603559135254,0.606298798580129,18.1878479196557,4.19312490164811,0.19303118950097,65.1002081417317,17.6739705882353,3.68512861736334,1.16735294117647,0.880385852090032,frejol_canario,img10.jpg
16356,1080.24,0.816175789812037,73.1270631908551,213.22551717404,123.202486187223,2972.6035094155,1285.00978234287,160.753240401076,144.476583516752,119.196625091709,11.1195061304753,11.5467865979689,13.0174110382165,1.73069167492298,0.176135321564099,71.3449778429934,15,2900.5,1169.5,162,207,0.600936826177416,6.54896777000189,1.31698113548672,0.732876525551006,18.3601981463899,7.64394886602673,0.176073086270689,71.3701956415986,17.9148529411765,6.95683279742765,1.00058823529412,1.23135048231511,frejol_canario,img10.jpg
32481,1236.786,0.733195115671526,-81.8510773092229,247.582105290262,168.360368543028,594.523937070903,1191.23031926357,172.927311351251,154.325790462116,128.454111634494,6.74723392991955,11.3394507371935,19.4140012300929,1.47054860614057,0.266839509980678,47.0933656536437,1,504.5,1063.5,181,252,1.18947404885387,7.48446501925763,1.49231464153143,1.02287908638621,3.58352545306801,7.23735990357177,0.266835316618088,47.0941057339308,3.04090126291619,6.46133004926108,1.09098737083812,1.53103448275862,frejol_canario,img2.jpg
34049,1472.779,0.720610164691213,1.15553554161642,251.208512735077,174.173025244986,664.525830420864,1989.06881259362,170.305853329026,155.819084260918,132.568269259009,7.09177809827312,11.731718149244,21.1274381560216,1.44229287159556,0.197260013901344,63.7046016870099,2,533.5,1896.5,265,186,1.24689516607942,8.91258706566636,1.51417301017125,1.0581940778431,4.00546568278936,12.0846545264308,0.19725691397524,63.7056028157094,3.21570034443169,11.522249589491,1.59730195177956,1.13004926108374,frejol_canario,img2.jpg
30275,1200.819,0.718487184194752,-74.3190449875512,235.944097115223,164.10860387418,634.858034682081,580.080330305533,175.443402146986,158.80313790256,134.380842279108,6.87450568067747,9.18419467990813,16.1650142618092,1.43773142629449,0.263838952452711,47.6289437080429,3,544.5,467.5,177,230,1.10868898214498,7.26680913267124,1.42216591257741,0.997047347018828,3.8266414260401,3.52429757328485,0.263834806243654,47.6296922050307,3.28200344431688,2.84031198686371,1.06687715269805,1.39737274220033,frejol_canario,img2.jpg
29568,1101.619,0.639926237193816,-16.5954122039106,221.901689496872,170.517322451531,798.330289502165,256.08759469697,168.472368777056,149.657704274892,124.136262175325,10.461918285226,13.9622534023673,21.1599998757234,1.30134397084465,0.306174472361264,41.0431690057156,4,682.5,163.5,228,180,1.08279821053882,6.66649595811205,1.33752453485486,1.03598373246415,4.81197935693038,1.55586880193561,0.306169660852734,41.0438140061288,4.11380597014925,0.993349753694581,1.37428243398393,1.0935960591133,frejol_canario,img2.jpg
27665,963.135,0.687637573835316,-11.692156419882,221.059541858397,160.501188373268,998.948743900235,1396.59956623893,178.489174046629,158.501391650099,131.459461413338,6.41696024751673,8.64824163890925,14.8336139958479,1.3773078199539,0.374771198904227,33.5307799828303,5,889.5,1311.5,220,173,1.01310918880399,5.82845392519215,1.33244844403741,0.975130372711155,6.02121803154562,8.48508767665688,0.374765309403361,33.5313069247665,5.36150975889782,7.96806239737274,1.32606199770379,1.05106732348112,frejol_canario,img2.jpg
30266,1086.617,0.699439399901772,-26.7278075955604,232.916829529986,166.463773710181,1069.41125355184,1761.024383797,174.905306284279,156.801063900086,132.473534659354,8.91667580871028,11.4687130782398,17.3947789509313,1.39920430937425,0.322115706174743,39.0119772909866,6,954.5,1665.5,230,188,1.1083593966507,6.57571069354817,1.4039188921153,1.01135626063657,6.44593465114485,10.6991629229046,0.322110644150937,39.0125903708749,5.75330080367394,10.1188013136289,1.38633754305396,1.14220032840723,frejol_canario,img2.jpg
26352,1219.646,0.662066222885835,-20.5261836636211,216.058897631858,161.924333832267,1195.91537644202,847.519315421979,180.611414693382,160.721387370978,131.498709775349,8.48347185821276,9.99211564650244,13.1374161323643,1.33432012668131,0.222615733067639,56.4487084591682,7,1087.5,763.5,215,171,0.965026327249693,7.38074155341142,1.30230678825173,0.983776740852853,7.2084451507699,5.14913212982155,0.222612234678338,56.4495955602659,6.55496555683123,4.63866995073892,1.2959242250287,1.03891625615764,frejol_canario,img2.jpg
26139,1103.77,0.748770530105803,-80.0410314918386,224.884868196095,149.0602818547,1180.37495696086,644.784957343433,178.958720685566,156.514671563564,125.872795439764,7.07239451930754,10.3692208394007,16.792406851805,1.50868403975854,0.269613516522929,46.6088302115613,8,1096.5,529.5,165,230,0.957226137218417,6.67951282946767,1.35550580715212,0.905620760036765,7.11477442485021,3.91741271292398,0.269609279567038,46.6095626772912,6.60921354764638,3.21699507389163,0.994546498277842,1.39737274220033,frejol_canario,img2.jpg
30815,1108.515,0.678227066681197,-1.40645197817871,232.100593874982,170.559677855916,1843.35820217427,1829.25224728217,177.310303423657,159.687392503651,132.109719292552,9.49266177599304,11.2668466450074,17.1585768606898,1.36081749680047,0.315129374693495,39.8768620874574,9,1721.5,1743.5,239,176,1.12846411180173,6.70822740621448,1.39899898719134,1.03624106414924,11.1109420911767,11.1136836041774,0.315124422459356,39.8774887591581,10.3764351320321,10.5926929392447,1.44058553386912,1.06929392446634,frejol_canario,img2.jpg
21578,983.965,0.638381216654005,-20.4660026654197,192.006079663915,147.790987467058,1857.63300583928,837.290342015015,178.925247937714,156.015293354342,132.468393734359,10.4548021735866,12.5827123101388,13.7532174978498,1.2991731292594,0.280066878780168,44.8691779231161,10,1759.5,762.5,198,153,0.79019953283978,5.95450758876138,1.15732711622911,0.897909119257989,11.1969842487442,5.08698565756249,0.280062477550485,44.8698830499131,10.6054822043628,4.63259441707718,1.19345579793341,0.929556650246305,frejol_canario,img2.jpg
35580,1471.148,0.736563338845134,10.2105171282873,260.370165663462,176.106197657034,2301.39260820686,2034.31978639685,170.95084317032,155.748594716133,130.110989319843,11.3446985225204,14.6122409522638,21.6182799871094,1.47848383036769,0.206587041575847,60.8284552530635,11,2165.5,1945.5,269,184,1.30296132071737,8.90271699724191,1.56939537282798,1.06993913190645,13.8717694524524,12.3595783409989,0.206583795076212,60.8294111826304,13.0526693455798,11.8199507389163,1.62141216991963,1.11789819376026,frejol_canario,img2.jpg
29123,1445.057,0.718413474507755,70.9416092598707,234.706167646112,163.265443149064,2424.92329086976,1020.57425402603,177.791711018782,159.986333825499,131.842804656114,10.8442161322572,12.1597805232758,15.3836882938211,1.43757407029375,0.175257260188025,71.7024253424784,12,2330.5,900.5,186,238,1.06650203887723,8.7448261601711,1.41470422519184,0.991924695651128,14.6163573789509,6.20053323464089,0.17525450603352,71.7035521583431,14.0472158438576,5.47101806239737,1.1211251435132,1.44597701149425,frejol_canario,img2.jpg
21765,923.84,0.732259365040034,79.6939550217383,203.475529419321,138.572097459915,2880.21745922352,911.776843556168,167.318355157363,151.812175511142,129.028026648289,15.4294898254121,16.8031624359851,18.7272534373803,1.4683730213305,0.320460872744821,39.2134319136228,13,2805.5,811.5,147,202,0.797047586998694,5.59065849984635,1.22645985011646,0.841899442695709,17.3606678081785,5.53953090502105,0.320455836726597,39.2140481594049,16.9103042479908,4.93029556650246,0.886050516647532,1.22725779967159,frejol_canario,img2.jpg
20263,796.232,0.673766058446348,-20.3794251825288,187.310590246068,138.412171569868,2973.864630114,1497.78320090806,167.854957311356,151.475595913734,129.806692000197,14.0565834829518,16.3981554038997,18.9653479974696,1.35328120440273,0.40163759075954,31.2878348627548,14,2877.5,1423.5,188,151,0.742043430064532,4.81843306054042,1.12902479769444,0.840927807567343,17.925131237771,9.09983225510643,0.401631279055371,31.2883265564252,17.3442881745121,8.64852216748768,1.13318025258324,0.917405582922824,frejol_canario,img2.jpg
23436,1183.402,0.729956926629471,-21.7954367304338,212.712527910719,145.38755561681,3103.88103771975,644.785458269329,170.801501962792,155.537762416795,132.864866018092,13.8966599421486,15.040591660355,16.0226917053575,1.46307245491735,0.210294907296775,59.7559435741594,15,2998.5,559.5,223,168,0.858240627103211,7.16140938910977,1.28213636226323,0.883306988148104,18.7088122250616,3.91741575631612,0.210291602528313,59.756882649022,18.0736222732491,3.39926108374384,1.34414466130884,1.02068965517241,frejol_canario,img2.jpg
35813,1363.637,0.703038555096492,8.04437733858058,253.940573494276,180.59027940134,428.92966241309,322.996062882194,128.782453299081,105.017563454611,75.6500991260157,9.68708178986984,16.4198515687129,28.6966091312618,1.40616966946445,0.242020979128178,51.9226500926758,1,297.5,231.5,264,188,1.36948458113682,8.43324492181127,1.54976810327806,1.13155636542753,2.6177050016492,2.02385339993923,0.241978947844349,51.9316689584185,1.81560592850915,1.45055038103302,1.61115954664342,1.17798475867909,frejol_canario,img3.jpg
29008,1076.85,0.655263016974991,-29.9712118314334,221.6840699977,167.460325282657,738.267408990623,1884.34204357419,136.980143408715,114.453116381688,83.7017719249862,8.92791169417942,12.5628042525165,21.3306013519551,1.32380054573236,0.314352722514084,39.9753834287093,2,631.5,1792.5,208,185,1.10926224358799,6.65964607447031,1.35291062771046,1.04928569609794,4.50555524231418,11.8070542950457,0.3142981295257,39.9823270769151,3.8539668700959,11.231583403895,1.26939843068875,1.15918712955123,frejol_canario,img3.jpg
28377,1067.818,0.69927113450156,-27.6876020252798,225.343413960787,161.088214425035,807.309370264651,202.830989886175,134.264157592416,110.333756211016,78.9096451351447,7.66773221864926,11.8321476449871,22.248231407273,1.39888206449551,0.312738874885674,40.1816711112521,3,698.5,110.5,217,184,1.08513288355959,6.60378878390559,1.3752431540763,1.00935883721021,4.92690984468401,1.27091390783886,0.312684562170877,40.1886505912366,4.26285963382738,0.69237933954276,1.32432432432432,1.15292125317528,frejol_canario,img3.jpg
25792,932.46,0.695878545269814,-8.74108340563781,214.959688910031,154.375340132569,833.742129342432,988.423736042184,138.993563895782,114.2158808933,78.4420750620347,7.4456164369198,10.6730211128126,19.884605121705,1.39244835817324,0.372764428425981,33.711292323201,4,731.5,911.5,211,160,0.986282811176969,5.76668391939507,1.31187255655642,0.96729679676631,5.08822572397299,6.19334093709751,0.372699691197214,33.7171479106745,4.4642545771578,5.71134631668078,1.28770706190061,1.00254022015241,frejol_canario,img3.jpg
23175,869.929,0.738703183295188,51.7634777746916,209.58778943019,141.268639005698,1232.73445523193,307.276720604099,137.680776699029,110.581963322546,76.5656094929881,10.4227636940241,13.7437873812037,21.6805522218274,1.48361158502941,0.384823858088658,32.6548636479396,5,1142.5,214.5,180,193,0.886209062849963,5.37996865851129,1.27908851439523,0.885171827808774,7.52322684099696,1.92535794451341,0.384757026523636,32.6605357357579,6.97253705318221,1.34403048264183,1.09851787271142,1.20931414055885,frejol_canario,img3.jpg
23472,1296.764,0.804937525382723,79.8557927004966,231.99055200149,137.653814359547,1413.58819018405,1693.18775562372,138.666198023177,114.135480572597,79.2264826175869,11.3317883415113,14.4316925335686,21.8258744685997,1.68531873294509,0.175403425175711,71.6426751745058,6,1336.5,1567.5,156,229,0.897566305208817,8.01967709719498,1.41580982041014,0.862521783455246,8.62695495317205,10.6093051580149,0.175372963224955,71.6551193711654,8.1564952048823,9.82176121930567,0.952048823016565,1.43488569009314,frejol_canario,img3.jpg
20741,852.006,0.574538179664154,-38.1827887788115,181.124741306352,148.24657658292,1546.32336917217,811.760377995275,143.477315462128,112.109782556289,75.3148353502724,12.2413462573812,14.2749333969357,18.7194304000302,1.22178026286524,0.359049436258874,34.9989983142568,7,1455.5,731.5,177,165,0.793133211329928,5.26912607449984,1.10538203064034,0.928894722026762,9.43702143348317,5.08639017541493,0.358987080884484,35.0050775738161,8.88273757628596,4.58348856900931,1.08020924149956,1.03386960203218,frejol_canario,img3.jpg
19309,1053.975,0.755663208421211,51.8545505685626,199.529378556543,130.683840048187,1895.88249003056,388.61831270392,142.384017815526,115.518203946346,81.8368636387177,15.818801746784,15.6621229421343,17.6852357555129,1.52680988317278,0.218428361127911,57.5308561098452,8,1807.5,293.5,178,183,0.738373712818552,6.51817845692515,1.21770326930758,0.818848786076699,11.5703377769955,2.43503430483405,0.218390427125348,57.5408491103254,11.0309503051439,1.83903471634208,1.08631211857018,1.14665537679932,frejol_canario,img3.jpg
24930,1122.659,0.758954558443767,-69.9716653816337,223.840657823451,145.752410110849,2231.10982751705,1390.98511833133,133.766024869635,109.077336542318,76.5215403128761,15.487264385285,18.8329809199073,21.2652145973983,1.53575956413492,0.248562963349961,50.5560862527477,9,2144.5,1283.5,174,215,0.953320040425009,6.94294618778731,1.36607201810301,0.91326658325172,13.6161890083865,8.71574079225387,0.248519795933238,50.5648677489458,13.0876198779425,8.04225232853514,1.06190061028771,1.34716342082981,frejol_canario,img3.jpg
18287,895.689,0.831492151807085,-73.7644535862811,209.820969929484,116.563207006473,2252.02783398042,254.375786077541,129.111007819763,106.316563679116,78.8609941488489,17.7250882008951,20.5679055988461,21.476402031175,1.80006174605192,0.28644275862271,43.8704426489309,10,2178.5,156.5,145,200,0.69929256234465,5.53927820290313,1.28051158631769,0.730370645087132,13.7438490303949,1.59388722859763,0.286393012700139,43.8780628615282,13.2951176983435,0.980609652836579,0.884917175239756,1.25317527519052,frejol_canario,img3.jpg
31481,1152.215,0.623966577925903,47.9695247451382,227.38483390242,177.690112272916,2476.85330834472,2140.33010387218,126.546138940949,107.259966328897,77.7732600616245,15.0024343992253,19.8808797217881,28.8170551262152,1.27967071996205,0.29798289412883,42.1714496434357,11,2370.5,2037.5,207,208,1.20382945016525,7.12573162622074,1.38770168902959,1.11338427673122,15.1159312627838,13.4110438345928,0.297931144054748,42.1787747441736,14.4668700959024,12.7667231160034,1.26329555361813,1.30330228619814,frejol_canario,img3.jpg
20500,820.2,0.766697807177651,11.8702453202515,202.396865636601,129.940438503054,2586.61663414634,1638.72429268293,132.875024390244,109.179268292683,82.800243902439,15.3155307401401,18.0153386427298,20.6804168925562,1.55761261057961,0.382934235347709,32.8160019512195,12,2483.5,1569.5,205,143,0.783917401873754,5.07242578843901,1.23520319045877,0.814190723897207,15.7858033470134,10.2680438322216,0.382867731949568,32.8217020284552,15.1564952048823,9.83429297205758,1.2510897994769,0.896020321761219,frejol_canario,img3.jpg
17866,669.02,0.615812010329484,-29.1813970443409,170.238709998442,134.129908299614,2928.39079816411,1356.97005485279,122.93372887048,102.504645695735,76.2705138251427,18.9829648542839,21.8742073408435,24.3628550162794,1.26920768198968,0.50160169079579,25.0524885480802,13,2843.5,1283.5,167,147,0.683193575701292,4.13747171541266,1.03894591978125,0.84044142372324,17.8716090559274,8.5026066095772,0.501514578665633,25.0568401177772,17.3535309503051,8.04225232853514,1.01918047079337,0.92108382726503,frejol_canario,img3.jpg
16907,1030.477,0.84569546370669,43.2365657087973,207.672725781985,110.827830676465,2948.44366238836,662.840361980245,132.611403560655,112.210741113148,76.6775891642515,16.0338960601357,17.0876719432171,20.0714174115447,1.87383191130245,0.200078218111691,62.8072897337789,14,2864.5,585.5,192,163,0.646521537242905,6.37285797268137,1.26740111636782,0.694433486033736,17.9939892212018,4.15327576515987,0.200043470940584,62.818199240762,17.4816913687881,3.66867061812024,1.17175239755885,1.02133784928027,frejol_canario,img3.jpg
26068,933.992,0.70402323469071,40.1605447580928,216.734730896153,153.920007812902,3005.80086696333,1757.10415068283,124.969617922357,103.403444836581,75.1911922663802,17.6506552288315,21.1739276464924,27.2588117221107,1.40809979141636,0.375518436164355,33.4640576977137,15,2906.5,1665.5,196,186,0.996837016197318,5.77615838453514,1.32270541959291,0.964443740741302,18.3440331898372,11.0097973878518,0.375453220652749,33.4698703410021,17.7380122057541,10.435817104149,1.19616390584133,1.16545300592718,frejol_canario,img3.jpg
25931,853.967,0.7636703303412,-44.4971738879236,227.308341546854,146.751720575222,408.754618024758,784.436890208631,178.359531063206,158.131695653851,131.152558713509,7.71797300363962,8.85086459406951,13.7893474841607,1.54893135600643,0.44683476203576,28.1230819131156,1,312.5,689.5,190,197,1.14286450866363,5.66960828791998,1.52507194009072,0.964014853312597,2.74244312412777,5.15298090327907,0.446784914401325,28.12621959539,2.09664536741214,4.52933865956502,1.27476038338658,1.29409675987572,frejol_canario,img4.jpg
20553,1147.627,0.713166518730228,52.7855456254381,205.739824923359,144.222519092214,418.227558020727,1345.71755948037,179.262005546636,162.019364569649,134.2443925461,8.33986992281505,8.69836511693635,12.045447657768,1.42654438584457,0.196102699342205,64.0805590974067,2,328.5,1247.5,189,187,0.905838349719012,7.61925876601876,1.38036304261679,0.947400480499232,2.8059995905544,8.84004433213912,0.196080822674365,64.0877085426572,2.20399361022364,8.19485130936529,1.26805111821086,1.22840656901909,frejol_canario,img4.jpg
23413,775.262,0.704055943743113,-35.1208807675097,206.704432760427,146.790018553634,594.061119890659,237.51894246786,178.45316704395,160.059069747576,133.169264938282,7.28923308147698,7.82208435753264,12.6485774425861,1.4081640890651,0.489519430178271,25.6708311042583,3,501.5,149.5,192,175,1.03188796195063,5.14707460652392,1.38683485238625,0.964266433463731,3.98571358393094,1.560266466278,0.489464820761821,25.6736951897797,3.364696485623,0.982068353306702,1.28817891373802,1.14957833999112,frejol_canario,img4.jpg
18127,966.442,0.712085302045073,52.179260123307,189.133505850548,132.789302705888,596.099299387654,993.312406906824,180.620290174877,160.540243835163,130.571964472886,8.17193406143287,8.45002179716877,11.911058898516,1.42431281734685,0.243884504596063,51.5259082784796,4,513.5,902.5,171,173,0.79891654577709,6.41634579906947,1.2689468443647,0.872295463846937,3.99938827065199,6.52508815899734,0.243857297523869,51.5316570057911,3.44520766773163,5.92853972481136,1.14728434504792,1.1364403018198,frejol_canario,img4.jpg
18341,948.784,0.580237923613317,-6.8856361148091,180.232944174078,146.790184688286,618.755411373426,611.664085927703,181.036857314214,163.115369936208,135.704378169129,8.1423977711923,7.70127904095709,10.6034426273974,1.22782694603735,0.256034311939718,49.0808068620032,5,531.5,543.5,188,139,0.808348230048966,6.29911182732572,1.20923061586442,0.964267524805433,4.15139413381532,4.01803305447404,0.256005749469049,49.0862827902169,3.56597444089457,3.57026187305814,1.26134185303514,0.913093652907235,frejol_canario,img4.jpg
22733,1101.807,0.744408668347254,-88.2382574496616,214.467739952636,143.205320517325,676.272159415827,1677.25311221572,181.370034751243,161.60704702415,135.241103241983,8.33600972009491,8.68609807684544,12.4075704887871,1.49762410487179,0.235318223749536,53.4016040667312,6,601.5,1568.5,148,215,1.00191812407738,7.31505327359048,1.43892093897935,0.940718483646875,4.5372892484768,11.0179077056337,0.235291972307638,53.4075620647565,4.03562300319489,10.3035064358633,0.99297124600639,1.41233910341767,frejol_canario,img4.jpg
15620,1053.545,0.807401769873253,64.8557274930997,198.491088275291,117.110142765526,1004.23297055058,338.49033290653,181.049679897567,158.231754161332,128.031754161332,10.2794410738397,11.4010608771522,13.5272031966261,1.69490945521861,0.176841712916333,71.0599914868758,7,937.5,249.5,153,184,0.688424805264972,6.99463499607907,1.33172934625595,0.769298762951525,6.73766529762367,2.22354945717561,0.176821984950187,71.0679196249226,6.28993610223642,1.63897026187306,1.02651757188498,1.2086995117621,frejol_canario,img4.jpg
16635,1036.466,0.854213288704157,-49.3920820685749,209.269431494859,108.803936589765,1660.18364893297,1753.06450255485,173.112113014728,157.276525398257,136.236910129246,10.2666619245944,12.1700210944938,15.9839617998507,1.92336268386952,0.194590909936318,64.5784051190863,8,1581.5,1656.5,189,179,0.733159195619898,6.88124508762899,1.40404410907094,0.714735136053493,11.1386123410838,11.5159141756821,0.194569201919469,64.5856101088409,10.6107028753994,10.8815801154017,1.26805111821086,1.17585441633378,frejol_canario,img4.jpg
12399,940.58,0.63084829366283,48.7292053566608,154.89870128036,120.186862613954,1690.67731268651,1139.29147511896,182.986531171869,159.336720703283,130.337688523268,10.4387950716376,9.94311612324552,10.3112674928296,1.2888155819318,0.176118526889369,71.351781304944,9,1620.5,1070.5,154,134,0.54646473498594,6.24464430528553,1.0392564622644,0.789509794357086,11.3432024173855,7.48402744419025,0.176098879599831,71.3597419978772,10.8723642172524,7.03213493120284,1.0332268370607,0.880248557478917,frejol_canario,img4.jpg
12824,762.705,0.852292737930985,-78.9914948272073,186.899880459,97.7608028814254,1908.3559731753,434.406425452277,174.372192763568,154.026122894573,134.484482220836,10.7483044622774,11.2385054358623,12.3264649610412,1.91180795319052,0.277025780049743,45.3617371354491,10,1849.5,337.5,123,181,0.565195883656722,5.06370689878884,1.25396085930958,0.642192579957877,12.8036662737001,2.85362409973089,0.27699487582969,45.3667981283725,12.408785942492,2.21704394141145,0.825239616613418,1.1889924545051,frejol_canario,img4.jpg
23150,1152.994,0.683934210731844,47.1604653148912,204.120544031006,148.914854865262,2202.32647948164,2080.85870410367,172.352958963283,157.278660907127,132.394298056156,10.0438473933748,12.3395475182662,16.5595842373982,1.3707198265458,0.218829951840066,57.4252770641901,11,2106.5,1988.5,185,185,1.02029668642024,7.65489104183417,1.36949885771602,0.978224523748728,14.7759923543497,13.6692005418262,0.218805539783598,57.4316839819846,14.1330670926518,13.062494451842,1.24121405750799,1.21526853084776,frejol_canario,img4.jpg
14935,869.886,0.859663269491097,-74.2489533377333,202.457833733492,103.427831564391,2342.87171074657,557.586742551055,170.943220622698,154.045530632742,132.748711081353,12.4518191600373,13.5847636766185,13.4472266145038,1.9574792458783,0.248022115958621,50.6663309672581,12,2280.5,454.5,132,196,0.65823460093677,5.77529679149845,1.35834329341959,0.679419399535279,15.7189475800888,3.66279795373085,0.247994447306093,50.6719837918339,15.3004792332268,2.98561917443409,0.885623003194888,1.28752774079006,frejol_canario,img4.jpg
10946,760.672,0.785758406120122,-45.6986064501139,155.64232994511,96.2699996926103,2632.68801388635,1324.9640964736,172.461812534259,153.797186186735,133.802393568427,11.6766960039904,13.1826947257217,13.8567809066,1.61672723010362,0.237722586624268,52.8614920138864,13,2565.5,1255.5,141,135,0.482426243177361,5.05020952283714,1.04424566416847,0.632399465357582,17.6634020101001,8.70371443755404,0.237696066958383,52.8673897518015,17.2126198083067,8.2474034620506,0.946006389776358,0.886817576564581,frejol_canario,img4.jpg
8811,761.572,0.882706064385651,64.5824611403143,168.256288366611,79.0679255135479,2624.76540687777,611.32606968562,178.903416184315,161.888775394393,135.233231188287,8.6454360760947,8.53124723172261,10.8651924732631,2.12799674803383,0.190903164937403,65.8258893637498,14,2569.5,528.5,123,154,0.388329766913551,5.05618475075476,1.12887605613381,0.519398711762321,17.6102471387965,4.01581261932853,0.190881868315057,65.8332335348791,17.2394568690096,3.47172658677319,0.825239616613418,1.01162893919219,frejol_canario,img4.jpg
16252,1070.466,0.757863991900166,36.2676085139181,186.228843407199,121.498039518186,2766.500553778,1766.38093773074,172.116724095496,154.683238985971,131.877061284765,13.9804481527383,15.2529778398375,16.5024828649533,1.53277241464727,0.178225943298138,70.5080886756091,15,2681.5,1695.5,187,146,0.716279125170699,7.10697592007249,1.24945869378632,0.798122940465668,18.5611858240696,11.6033900925055,0.178206060911127,70.515955238055,17.9908945686901,11.1377718597426,1.25463258785942,0.95907678650688,frejol_canario,img4.jpg
25400,1030.724,0.821701777263072,-85.7489188689309,247.992969124226,141.335583551857,576.346062992126,1324.49429133858,187.281023622047,165.698897637795,134.172716535433,5.18540859310857,5.6477891523407,8.55694338373266,1.75463929813001,0.300440726556404,41.8264552825197,1,511.5,1202.5,145,242,0.8148790427469,5.83903722436239,1.42994298506555,0.786378434799806,3.32324748018524,7.36936673376354,0.300345081892317,41.8397748855584,2.9493410214168,6.6906015037594,0.836079077429984,1.34646616541353,frejol_canario,img5.jpg
27953,849.756,0.649986934708217,8.35114471310768,220.683812630505,167.707644448316,648.40160269023,674.808714628126,183.587629234787,162.802919185776,131.79193646478,6.54745130315336,7.19366592816646,11.1344072644943,1.315884039493,0.486462994700793,25.8321203282653,2,543.5,591.5,219,169,0.896784011098587,4.81385600376559,1.27247667908858,0.933110202193636,3.73872423297497,3.75457480319408,0.486308130244659,25.8403465474392,3.1338550247117,3.29105263157895,1.26276771004942,0.940300751879699,frejol_canario,img5.jpg
26881,751.134,0.683617669850151,5.99046153947886,218.750499177736,159.652932637232,1181.87835273985,903.829359026822,184.33741304267,159.747814441427,127.031992857409,6.22207949187701,7.46170639200219,12.4492966999649,1.37016273715929,0.598715419793482,20.9888875397493,3,1071.5,820.5,220,164,0.862392265672418,4.25516373586355,1.26132907268876,0.88829451241768,6.81478457098762,5.02882500511164,0.598524820017393,20.9955714351061,6.17833607907743,4.56518796992481,1.26853377265239,0.912481203007519,frejol_canario,img5.jpg
28078,1321.476,0.574972522656157,15.6505812154062,212.601698964155,173.944910115209,1423.96185625757,1964.23986751193,182.469762803618,161.132309993589,129.411888311133,6.80474199435407,8.3478687956861,12.4081947831621,1.22223581491026,0.20204935739331,62.1945586785384,4,1313.5,1872.5,226,180,0.900794242608168,7.48614328869951,1.22587470572412,0.96781378560342,8.21065320741596,10.9288533981867,0.201985035411605,62.214364488693,7.57372322899506,10.4184210526316,1.30313014827018,1.0015037593985,frejol_canario,img5.jpg
22961,853.818,0.761401071173063,50.7698984086802,238.604256939108,154.682634606526,1443.53464570358,230.015635207526,186.415661338792,163.948085884761,129.014851269544,8.61083945417124,8.16879877634234,10.3869933737615,1.54254068367828,0.395794768995478,31.7497137373808,5,1356.5,130.5,200,206,0.736631405531952,4.83686717766409,1.37580708284494,0.860640222622778,8.32351113667635,1.27978624100428,0.395668768575489,31.7598244096985,7.82166392092257,0.72609022556391,1.15321252059308,1.14616541353383,frejol_canario,img5.jpg
16617,1193.469,0.868249216814447,77.6977942058173,221.928169797793,110.104847267968,1454.70644520672,1029.82126737678,188.179876030571,163.690678221099,127.520791960041,6.03798236292246,6.63378525187253,8.79048193237338,2.01560762586296,0.146602102313159,85.7175334874526,6,1391.5,917.5,142,217,0.533104135957687,6.76098540164249,1.27965172041561,0.612613435927041,8.38792843199919,5.72983261547984,0.146555431846772,85.7448301711376,8.02347611202636,5.10488721804511,0.818780889621087,1.20736842105263,frejol_canario,img5.jpg
21103,1226.608,0.613546082608511,40.5118376063447,195.797473861702,154.613221076433,2023.44699805715,1762.97706487229,186.485760318438,162.664881770364,132.444391792636,7.74099576283507,7.62818316906527,10.27045532446,1.26636954135319,0.176255418569287,71.2963647663365,7,1933.5,1663.5,204,184,0.677023324373537,6.94871737894984,1.12898049178906,0.860254012004215,11.6673220645799,9.8090453233496,0.176199308032956,71.3190690397533,11.1486820428336,9.25556390977444,1.17627677100494,1.02375939849624,frejol_canario,img5.jpg
18239,1177.879,0.849287316516849,-71.5245913626571,225.78963374209,119.201328578556,2040.92675037009,266.49481879489,180.294862656944,157.275344042985,132.644388398487,9.80431474397991,11.0235848165317,12.7713437569972,1.8941872245433,0.165199804650134,76.0677086814518,8,1971.5,159.5,159,206,0.585140900026012,6.67266826696065,1.30191716325752,0.663225437203997,11.7681114107007,1.48275312712946,0.1651472136449,76.0919323857284,11.3677924217463,0.887443609022556,0.916803953871499,1.14616541353383,frejol_canario,img5.jpg
15809,1051.146,0.896575652135945,84.2843011179339,231.072899521536,102.340019398558,2121.49149218799,1066.62723764944,187.007084572079,163.257638054273,129.546840407363,6.86086238013748,7.25972072833735,9.91185074620141,2.25789384132941,0.17979937572009,69.8910692210766,9,2062.5,945.5,126,224,0.507181999479754,5.95472757230804,1.33238080448991,0.569410634247616,12.2326527556145,5.93461771323749,0.179742136972564,69.9133259791903,11.8925041186161,5.26067669172932,0.726523887973641,1.24631578947368,frejol_canario,img5.jpg
21743,1141.938,0.676505872175513,-69.6840095096727,199.713905666693,147.076756997877,2673.76254426712,1629.20360575817,174.655751276273,152.084302994067,125.432139079244,14.4237075677876,15.9265031779635,17.7296327573886,1.35788896725249,0.209529067245175,59.9743547736743,10,2586.5,1536.5,173,192,0.697555709702593,6.46906299835255,1.15156288275688,0.818321805852848,15.4170822157083,9.06474186662443,0.209462364113803,59.9934535615752,14.91392092257,8.54894736842105,0.997528830313015,1.06827067669173,frejol_canario,img5.jpg
20197,1196.238,0.883318615046132,70.7247078641687,246.364296017113,115.488956094856,2668.60350547111,647.152101797297,178.117542209239,155.975392385008,127.042976679705,9.53322092412213,10.5731069564146,14.6742382690917,2.13322818343568,0.177362393562776,70.8513815241867,11,2595.5,532.5,167,227,0.647957166392092,6.776671748399,1.42055195397017,0.642570131655591,15.3873348750393,3.60069590473684,0.177305930623319,70.8739440930268,14.9658154859967,2.96278195488722,0.962932454695222,1.26300751879699,frejol_canario,img5.jpg
18652,856.308,0.661242818864247,-18.8350128212128,180.561328229121,135.452041277314,3236.39186146258,1610.05790263779,171.081224533562,153.258899849882,129.138001286725,13.4576982666978,14.651036654572,16.5214684054364,1.33302773827863,0.319650411597461,39.3128560403174,12,3143.5,1540.5,186,141,0.598390704933669,4.85097299327396,1.0411279222437,0.753642936430166,18.661238080921,8.95821690189445,0.319548651571139,39.3253751895792,18.1256177924217,8.5712030075188,1.07248764415157,0.784511278195489,frejol_canario,img5.jpg
24039,1357.102,0.787956788096498,7.46450165709009,228.067229277642,140.427958647601,3362.91979699655,2070.89080244603,175.67436249428,156.716751944756,130.349972960606,13.0924616234136,14.6081359377802,16.5590571733072,1.62408705128278,0.164021689276162,76.614078722243,13,3247.5,2001.5,238,142,0.77121564207058,7.68796408665816,1.31504992169975,0.781328491723493,19.3908060782338,11.5222495775192,0.163969473321443,76.6384764176457,18.7252883031301,11.1361654135338,1.37232289950577,0.790075187969925,frejol_canario,img5.jpg
23024,1062.296,0.859012830279059,51.800489519081,249.754591961087,127.862876837463,3362.38346942321,834.430246699097,173.516287352328,157.641461084086,131.287786657401,11.7847389349482,13.1413209778019,15.0402825674698,1.95330027087198,0.256389094335789,49.0128905323141,14,3268.5,727.5,201,210,0.738652562212781,6.01789216831205,1.4401006126257,0.711417510223477,19.3877135798702,4.64269460569422,0.256307473414803,49.0284986502208,18.8463756177924,4.04774436090226,1.15897858319605,1.16842105263158,frejol_canario,img5.jpg
21029,1179.134,0.752265363343064,24.2590654582267,220.626241065539,145.361859354529,3445.63926006943,1086.53782871273,174.783156593276,158.041799419849,128.5231822721,12.8459344859182,13.976719580692,15.3200246492021,1.5177725577068,0.190065004569598,66.1161724264587,15,3339.5,1013.5,247,153,0.674649267319865,6.67977782462747,1.27214471784083,0.808780270092866,19.8677716807957,6.04539844546933,0.190004497781037,66.1372270715442,19.255766062603,5.63902255639098,1.42421746293245,0.851278195488722,frejol_canario,img5.jpg
32947,1194.744,0.731939759856134,75.2487159630821,248.735376463005,169.480661202594,604.666616080371,359.227091996236,174.407806477069,155.536437308404,130.54180957295,6.76958300468873,9.66952411889157,17.4530574336868,1.46763279478637,0.290052106302871,43.3245280461347,1,513.5,239.5,188,246,1.09884380211228,6.90016128960534,1.451762897644,0.968460921157679,3.52918258412668,2.05272623997849,0.290019595305065,43.3293846960268,2.99708171206226,1.36857142857143,1.09727626459144,1.40571428571429,frejol_canario,img6.jpg
32148,1219.123,0.752129068721556,41.3858960245187,250.437312402444,165.042153256621,708.66977728008,1491.53962921488,177.96015304218,159.563052133881,133.543393057111,7.55743853164017,8.6959135753648,15.1417257761273,1.51741423303563,0.271812092658354,46.2318305689001,2,591.5,1384.5,229,212,1.07219566425792,7.04096051695386,1.46169637588975,0.943098018609261,4.13620492575922,8.52308359551361,0.271781626124389,46.2370131254119,3.45233463035019,7.91142857142857,1.33657587548638,1.21142857142857,frejol_canario,img6.jpg
33393,1367.618,0.696825842172999,84.3725002251434,244.522834239059,175.381647646603,968.714610846585,1858.94088581439,176.971910280598,157.155092384632,134.540801964484,6.24566368939572,9.32891969678329,16.7331635352899,1.39423273483994,0.224354965110535,56.0111099309436,3,868.5,1736.5,196,245,1.11371873262924,7.89858311284047,1.42717607532525,1.00218084369488,5.65397632789835,10.6225193475108,0.224329817891742,56.0173887379675,5.06906614785992,9.92285714285714,1.14396887159533,1.4,frejol_canario,img6.jpg
27173,1129.142,0.768243758495105,85.0283452472413,233.888802226549,149.725653141456,979.871526883303,1019.72991572517,180.339896220513,159.745151437088,131.380046369558,6.22559335366183,7.99395789261916,14.090672209723,1.5621157585172,0.267824516175143,46.9201654643948,4,896.5,904.5,158,235,0.90627015008338,6.52128147859922,1.36510974062188,0.85557516080832,5.71909451488309,5.8270280898581,0.267794496595665,46.9254251827765,5.23249027237354,5.16857142857143,0.922178988326848,1.34285714285714,frejol_canario,img6.jpg
23701,890.95,0.713176474617805,-58.6655057346435,215.486984177801,151.053043055452,1402.58119910552,1161.65060545969,184.273954685456,161.48508501751,133.230538795831,6.60676744280795,8.07582728856116,12.6748935131798,1.42656499875144,0.375206082340865,33.4919160583942,5,1316.5,1061.5,185,201,0.79047248471373,5.14562006670372,1.25770613333347,0.863160246031153,8.18627159011006,6.63800345976963,0.37516402671067,33.4956704792234,7.68385214007782,6.06571428571429,1.07976653696498,1.14857142857143,frejol_canario,img6.jpg
25215,858.772,0.662488204843769,-27.1824327783892,207.33806573985,155.311211166745,1674.31199682729,1123.96188776522,181.286496133254,155.564108665477,127.77326987904,9.00827720153307,10.3092234036986,13.7563512937151,1.33498453963666,0.429648286998636,29.2480407687488,6,1570.5,1039.5,203,173,0.840967204002223,4.95977825458588,1.21014435256722,0.887492635238542,9.77224900871956,6.4226393586584,0.429600129118681,29.2513194540675,9.16634241245136,5.94,1.18482490272374,0.988571428571429,frejol_canario,img6.jpg
30888,1748.905,0.735888448092578,-44.2569783344528,244.905800798741,165.826401684043,2029.70817145817,1966.29814167314,173.516187516188,156.554908054908,137.338286713287,10.7755647290117,13.8609863500124,18.3986763356332,1.47688063126022,0.1269016339233,99.0244981554325,7,1918.5,1856.5,236,211,1.03017231795442,10.1006797943302,1.4294112887086,0.947579438194531,11.8465457478103,11.2359893809894,0.126887409931636,99.0355987337879,11.1974708171206,10.6085714285714,1.37743190661479,1.20571428571429,frejol_canario,img6.jpg
21845,1124.874,0.629032790405711,28.6891360579467,190.985168892911,148.467815258135,2081.73962005035,1311.3032730602,180.172075989929,155.84046692607,128.312886243992,9.05241751578787,10.9868764984898,15.3932317916036,1.28637421222137,0.216947253074701,57.9236216926528,8,1986.5,1231.5,192,160,0.728571428571429,6.49663193996665,1.11469942933606,0.848387515760771,12.1502312454301,7.49316156034398,0.216922936162272,57.930114890934,11.5943579766537,7.03714285714286,1.12062256809339,0.914285714285714,frejol_canario,img6.jpg
22026,904.763,0.675457056065191,-29.9197559849749,197.514123941611,145.646781793217,2185.98810496686,572.836329792064,176.113139017525,154.348769635885,133.868337419413,10.8000547725696,12.3269179385649,13.5009886189763,1.3561173237733,0.338123873090119,37.1649907458912,9,2091.5,488.5,195,166,0.734608115619789,5.22539609227348,1.15280617086544,0.832267324532668,12.7586854375498,3.27335045595465,0.338085973884227,37.1691569158748,12.2071984435798,2.79142857142857,1.13813229571984,0.948571428571429,frejol_canario,img6.jpg
26424,1025.242,0.780543371067524,18.6913845031401,233.108954090795,145.716786806886,2573.65152891311,419.205040871935,176.805177111717,157.733234937935,132.437518922192,10.5801494408603,11.3366872300603,14.6293530564036,1.59973987348299,0.315904379251071,39.7790326432031,10,2454.5,340.5,237,164,0.881289605336298,5.92121421901056,1.3605580978062,0.832667353182203,15.0213124255629,2.39545737641105,0.315868970556021,39.7834918454913,14.3258754863813,1.94571428571429,1.38326848249027,0.937142857142857,frejol_canario,img6.jpg
43140,2091.887,0.520087007619213,27.8857087437008,255.899567848228,218.567220658586,2588.53020398702,2332.75489105239,167.675938803894,154.19237366713,136.684677793231,11.0613034223292,15.8826135090043,24.2429957264151,1.17080487676584,0.123883527400722,101.436977764696,11,2460.5,2214.5,255,239,1.43879933296276,12.0815485992218,1.49357724425036,1.24895554662049,15.1081529415585,13.3300279488708,0.123869641698808,101.448348780362,14.3608949416342,12.6542857142857,1.48832684824903,1.36571428571429,frejol_canario,img6.jpg
29018,1410.597,0.674022799931983,-81.5138790430376,226.977530334673,167.67069450296,2800.95016886071,696.690157833069,168.669033013991,151.943207664208,129.137707629747,14.5544639933644,16.3233477039593,16.88474838216,1.35371020563564,0.183261580891054,68.5706766975326,12,2707.5,586.5,185,225,0.967804335742079,8.14680535297387,1.32477157782883,0.95811825430263,16.3479581840119,3.98108661618897,0.183241039696128,68.5783634233806,15.8025291828794,3.35142857142857,1.07976653696498,1.28571428571429,frejol_canario,img6.jpg
21697,807.844,0.661989988401021,-23.9178050879913,192.448989820414,144.242957838072,3091.7077937042,1528.27579849749,164.989629902752,148.263400470111,130.593123473291,14.66156848584,16.8500452794002,19.1700299577597,1.33420024592437,0.417786637634632,30.0784407215744,13,2995.5,1450.5,191,158,0.723635352973874,4.66564711506392,1.12324313124755,0.824245473360413,18.0449871227872,8.73300456284279,0.417739809288399,30.0818124941585,17.4834630350195,8.28857142857143,1.1147859922179,0.902857142857143,frejol_canario,img6.jpg
25165,1251.674,0.77980022190739,37.6908529042935,228.908780620486,143.303407972119,3119.61355056626,758.986846811047,172.582912775681,156.022253129346,129.328829723823,13.7297158261057,14.4026635268813,15.8571476332174,1.59737150609162,0.201847947019784,62.2566184095371,14,3017.5,670.5,220,184,0.839299610894942,7.2289565647582,1.33604346665653,0.818876616983539,18.2078611900755,4.33706769606313,0.201825322539492,62.2635973337797,17.6118677042802,3.83142857142857,1.284046692607,1.05142857142857,frejol_canario,img6.jpg
30875,1069.017,0.75779342587158,15.9199016642528,247.68064954487,161.610271297331,3224.85431578947,2008.31711740891,167.635109311741,151.962137651822,132.918186234818,12.9283472661364,15.7923818442767,20.4066717443579,1.53257987599802,0.339506119766769,37.0136792320324,15,3109.5,1925.5,242,180,1.02973874374653,6.1740337020567,1.44560690395838,0.923487264556179,18.822106901495,11.4760978137652,0.33946806562934,37.017828440099,18.1488326848249,11.0028571428571,1.4124513618677,1.02857142857143,frejol_canario,img6.jpg
38088,1122.401,0.709705264026325,81.6979708435567,263.099316529486,185.353130183972,480.340474690191,1899.48632115102,167.301144717496,147.294449695442,117.29059021214,4.82911944615251,6.15857341725418,11.668043724177,1.419449006706,0.379928560876845,33.0756144927799,1,384.5,1769.5,194,264,1.27906955938269,6.50710905552368,1.57007264766104,1.04305183525581,2.86648194614777,10.6891245448803,0.379601444721409,33.104116933964,2.29454390451833,9.95764258555133,1.15771526001705,1.48562737642586,frejol_canario,img7.jpg
28547,967.991,0.674572258856463,32.7174100250441,224.788104953451,165.940562568786,642.484359127054,857.890986793709,170.774512207938,149.433390548919,120.505096857813,6.38520240466689,6.22246922404553,10.0996367590136,1.35463024515342,0.382849161452524,32.8232940792728,2,539.5,760.5,211,197,0.958664112363411,5.61191855830975,1.34144649162333,0.933810009892791,3.83409250970961,4.82767551503684,0.382519530677945,32.851579086923,3.21952259164535,4.27961977186312,1.25916453537937,1.10859315589354,frejol_canario,img7.jpg
25007,922.634,0.698390372245488,21.917322947739,214.101849585606,153.236343032371,905.14196025113,979.553764945815,172.023513416243,147.207941776303,116.860798976287,6.37064726140779,6.61050228143292,11.2618568002349,1.39720020295954,0.369158224556891,34.0406085478466,3,801.5,890.5,212,174,0.839783986333829,5.34896178490044,1.27767514671717,0.862318584364674,5.40152917455917,5.51231776471409,0.368840381594819,34.0699425589567,4.78303495311168,5.01117870722434,1.26513213981245,0.979163498098859,frejol_canario,img7.jpg
15633,1231.742,0.908437683814611,-62.3704575496278,248.127773166137,103.722447190317,1174.44860231561,918.379645621442,175.846350668458,153.161197466897,123.838354762362,5.33820919163881,4.04562153846741,7.85772004035722,2.39222829664688,0.129482981610897,97.0503649052645,4,1109.5,790.5,163,223,0.524986726050976,7.14101245657198,1.48072839911591,0.583685254150832,7.00864468560043,5.16806796775564,0.129371497559681,97.1339966793079,6.62105711849957,4.44844106463878,0.972719522591645,1.25490494296578,frejol_canario,img7.jpg
17472,1078.148,0.867864292631411,-86.3490373631987,219.048023476531,108.823351179553,1229.33464972527,1485.19808836996,173.540808150183,148.206158424908,118.805460164835,7.35668561888524,6.9471516956325,9.79477981298851,2.01287702595295,0.188884239471982,66.5294820228938,5,1170.5,1359.5,122,225,0.586743944064648,6.2505527115485,1.30719195595543,0.612389961010411,7.33618290543642,8.35776871021881,0.188721611302897,66.5868128594464,6.98508098891731,7.65041825095057,0.728047740835465,1.26615969581749,frejol_canario,img7.jpg
16207,1085.955,0.880065939290119,-38.5982204407019,217.097271297222,103.088963881092,1491.58696859382,934.688036033813,173.845622261986,148.858579626088,122.350219041155,6.38199322493439,6.36889861636401,7.77470368066381,2.10592155672099,0.172698608236058,72.764747456346,6,1408.5,841.5,188,170,0.544262769085151,6.29581371933134,1.29555063860235,0.580120405110325,8.90120100610121,5.25984141950587,0.172549915795971,72.8274514443582,8.40537084398977,4.73543726235742,1.12190963341858,0.956653992395437,frejol_canario,img7.jpg
15052,976.475,0.845741395891997,70.2146436330941,197.043378967642,105.140968013639,1480.33762955089,1205.69930906192,176.511958543715,147.914031357959,120.734719638586,6.93110283648573,6.97869588851512,7.93503845367092,1.87408754827215,0.198372659608801,63.3472910991895,7,1414.5,1097.5,129,197,0.505475609321262,5.66110446711335,1.17587694183588,0.591667804791581,8.83406940055945,6.78492386848532,0.198201861968305,63.4018797278941,8.44117647058824,6.17604562737643,0.769820971867008,1.10859315589354,frejol_canario,img7.jpg
10834,927.532,0.913013388327349,84.3457216128946,217.080106231343,88.5533993540452,1686.18081964187,549.52409082518,172.183311796197,150.747830902714,123.244415728263,5.08676624951493,5.43658484014574,8.77344829120508,2.45140342228349,0.158248969902941,79.408862010707,8,1637.5,437.5,117,199,0.36382691678093,5.37735789302396,1.29544820427911,0.498323311954323,10.0624601342652,3.0923789141493,0.158112718512635,79.4772914701037,9.77195225916454,2.46197718631179,0.698209718670077,1.11984790874525,frejol_canario,img7.jpg
23398,1124.255,0.808674876029893,-27.4257682142958,228.563955545303,134.454083913465,1802.76639028977,1928.65544063595,165.875074792717,144.093255833832,116.227540815454,8.90393575666173,10.3270627385206,13.6909117273808,1.69994059602092,0.232626370745906,54.0195446202667,9,1696.5,1835.5,224,170,0.785750618316429,6.51785760277991,1.3639792743539,0.756623742174634,10.7581967024965,10.8532701602327,0.232426080870684,54.0660951958778,10.1240409207161,10.3290494296578,1.33674339300938,0.956653992395437,frejol_canario,img7.jpg
16220,953.333,0.57335351552537,52.8051463493636,164.807667597361,135.028255346013,1948.60887792848,952.814056720099,175.669297163995,146.642231812577,113.763748458693,5.89890639138485,6.98928950459548,9.95066033825786,1.22054207969315,0.224270143418889,56.0322940128853,10,1868.5,862.5,156,163,0.544699334519723,5.52693894359463,0.983506967759185,0.759854820958553,11.6285269782603,5.36184336101044,0.224077048204028,56.0805790467087,11.1504688832055,4.85361216730038,0.930946291560102,0.917262357414449,frejol_canario,img7.jpg
36126,1670.94,0.581653731538798,68.1289493441489,239.587516542416,194.889230466211,2185.18537895145,2487.94222997287,156.18986325638,139.983834357526,118.669074904501,11.6561779249452,15.0293061437658,21.5327087096177,1.22935226317678,0.162595316035316,77.2861784753363,11,2075.5,2370.5,216,241,1.21318176071884,9.68725865821283,1.42976352582857,1.09671506117868,13.040321954527,14.0005874538397,0.162455322467708,77.3527787423341,12.3857630008525,13.3396958174905,1.28900255754476,1.35619771863118,frejol_canario,img7.jpg
20201,1250.416,0.680723028202348,-25.6994459482237,196.772738308835,144.144077298831,2393.77045690807,425.094945794763,166.642492945894,144.520568288699,117.205880896985,8.81237340069231,9.75207442739379,11.8833829011656,1.36511150507347,0.162357998313854,77.3991472232068,12,2298.5,342.5,198,158,0.678389103368244,7.24927479285184,1.17426186544062,0.811152982518138,14.2850751904148,2.39216927671577,0.162218209075346,77.4658448394191,13.7165387894288,1.92737642585551,1.18158567774936,0.889125475285171,frejol_canario,img7.jpg
18865,1053.893,0.60504963922678,54.2437838083535,177.164418270842,141.056139654517,2868.09006095945,1654.03132785582,162.056930824278,143.308454810496,121.031910946197,9.11123319942294,10.699932476268,14.1874133178058,1.25598516097749,0.213438929340625,58.8757198753777,13,2783.5,1566.5,167,170,0.633523609476854,6.10993458118179,1.05724716785669,0.793775995014013,17.1156269622473,9.30785690200232,0.213255159734504,58.9264551910673,16.6108269394714,8.81528517110266,0.996589940323956,0.956653992395437,frejol_canario,img7.jpg
20655,1194.701,0.689426484708827,17.9542206476618,197.400254594511,142.987991702064,3008.33173565723,1778.85398208666,163.146889373033,143.086807068506,117.605761316872,11.9867311845743,13.0224596768045,14.4101358368011,1.38053729019303,0.181851383273328,69.1024197240862,14,2908.5,1703.5,221,149,0.693635311621756,6.92626761357411,1.17800663440885,0.804647253684619,17.952533801876,10.0102809638337,0.181694810350198,69.1619677531725,17.3567774936061,9.58623574144487,1.31884057971014,0.838479087452472,frejol_canario,img7.jpg
20874,1001.532,0.784871201262738,69.8869705378832,221.002632884591,136.94625642916,3205.86509533391,1336.81603909169,160.133754910415,142.606879371467,116.776851585705,11.8781170217213,12.4428113565299,13.919811577283,1.61379097645441,0.261508544257698,48.0533844507042,15,3122.5,1223.5,179,214,0.700989760096467,5.80637218480449,1.3188562917239,0.770648135038619,19.1313347547633,7.52276706409014,0.261283387008625,48.0947937724963,18.6338448422847,6.88509505703422,1.06820119352089,1.20425855513308,frejol_canario,img7.jpg
20892,1436.516,0.554590135333129,37.5598212915337,205.141641089887,170.70321274104,592.372008424277,448.55691173655,172.424755887421,153.271060693088,124.047865211564,6.76377366274804,5.73889773947352,9.10317244381765,1.20174446512082,0.127223970747797,98.7736079961708,1,500.5,353.5,210,181,0.731803464924737,8.50207223610717,1.22108119696361,1.00453580459936,3.52602385966832,2.63961920226677,0.12721981051309,98.776838007208,2.97916666666667,2.08023856858847,1.25,1.06512922465209,frejol_canario,img8.jpg
17584,1185.206,0.903671885571728,-85.2477561992552,248.697002326208,106.49841105587,722.609303912648,181.108792083712,170.241469517743,150.403719290264,123.352024567789,7.39320915617899,6.65614962720748,9.5128243672803,2.33521796109933,0.157304032639159,79.885877072111,2,670.5,67.5,126,226,0.615931080185553,7.01468485326139,1.48033929956076,0.62671033146198,4.3012458566229,1.06576943254034,0.157298888783859,79.888489432537,3.99107142857143,0.397216699801193,0.75,1.32994035785288,frejol_canario,img8.jpg
18524,1314.842,0.869211179489437,-66.55431047683,227.940848033634,112.703306137169,966.177985316346,1758.85991146621,171.481861369035,149.439807816886,120.052094580004,5.89676573266415,6.59106977781736,9.97508294700972,2.02248590432841,0.134647253664991,93.328087074282,3,894.5,1655.5,156,205,0.648857332197292,7.78194023809524,1.35679076210497,0.663224226970219,5.75105943640682,10.3503485843737,0.134642850688298,93.331139010497,5.32440476190476,9.74210735586481,0.928571428571428,1.20636182902584,frejol_canario,img8.jpg
17433,1149.248,0.538169120669934,61.4505315073135,168.449870189327,141.975762154307,1142.53398726553,1124.56611025067,176.84311363506,148.443182470028,116.651236161303,4.66783244068902,5.59201663824507,9.55085755222178,1.18646920878118,0.165864896065858,75.7626894684793,4,1063.5,1026.5,166,177,0.610641863107072,6.80186612136703,1.00267779874599,0.835483610291749,6.80079754324721,6.6177250225487,0.165859472269593,75.7651669959095,6.33035714285714,6.04063618290258,0.988095238095238,1.04159045725646,frejol_canario,img8.jpg
31711,1280.695,0.655752672816807,44.2001377997558,234.572010982458,177.096187533535,1191.03285926019,2312.64873387783,164.039040080729,145.374444199174,119.357762290688,7.17646576938384,9.41211711483546,14.690626683573,1.32454579767867,0.242956416712223,51.7227360545237,5,1079.5,2198.5,219,216,1.11077061440879,7.57983997562246,1.39626197013368,1.04215649125102,7.0894813051202,13.609225153635,0.242948472016651,51.7244274477179,6.42559523809524,12.9374950298211,1.30357142857143,1.27109343936382,frejol_canario,img8.jpg
11594,791.791,0.855018465105839,-72.7464071493896,174.62524634946,90.5602258445835,1586.77583232707,882.557098499224,172.907969639469,147.889425564947,122.269967224426,5.66948733627642,6.71470243631606,8.31757215816977,1.92827750506216,0.232392462616776,54.0739164810247,6,1536.5,789.5,115,171,0.406113793429897,4.68624385520212,1.03943599017535,0.532919022862758,9.44509424004206,5.19357656373301,0.232384863363404,54.0756847605337,9.14583333333333,4.64596421471173,0.68452380952381,1.00628230616302,frejol_canario,img8.jpg
20844,1170.757,0.777863541459205,-35.8630829809032,211.933622219593,133.186128447008,1723.74904049127,2015.90227403569,166.351707925542,144.715409710228,122.926933410094,9.41538914803808,10.6759903371126,13.4676294718776,1.59125897487077,0.191098554619902,65.7585853506525,7,1630.5,1923.5,208,172,0.730122124396478,6.92916792080848,1.26150965606901,0.783759324459533,10.2604109553052,11.86296368021,0.191092305680849,65.7607357323261,9.70535714285714,11.3192047713718,1.23809523809524,1.01216699801193,frejol_canario,img8.jpg
12445,951.474,0.891509562594743,85.1429059966223,201.963815186622,91.4899871954474,1817.1757332262,1303.65022097228,174.64427480916,148.375331458417,119.97637605464,5.97472849857146,6.54620245139844,8.82719679691979,2.20749637613538,0.172747159310502,72.7442967196465,8,1763.5,1189.5,106,203,0.435922559878822,5.63133350326612,1.20216556658704,0.538390381905615,10.8165222215845,7.6715798291808,0.172741510463642,72.7466755421484,10.4970238095238,6.99984095427435,0.630952380952381,1.19459244532803,frejol_canario,img8.jpg
11904,1089.702,0.527107002788282,26.9871361685881,163.545381701221,138.980689046528,2087.15431787634,795.705561155914,172.718665994624,148.701948924731,126.382392473118,6.86049226100757,7.83089413998065,8.69245144042926,1.17674896291864,0.125975846776595,99.7522218417338,9,2016.5,722.5,168,133,0.416972451008236,6.4494409528543,0.973484414888219,0.817858527987523,12.4235376064068,4.68248202986383,0.125971727355648,99.7554838545738,12.0029761904762,4.25168986083499,1,0.782664015904573,frejol_canario,img8.jpg
13381,869.274,0.882038090578296,83.6862805744472,209.520573135137,98.7215066389219,2180.41110529856,583.51431133697,168.469322173231,146.238397728122,121.016590688289,7.36248447432565,8.62629514656797,10.6183638094612,2.12233970356092,0.222528199794656,56.4709130166654,10,2124.5,469.5,117,201,0.468708700179873,5.1448298111332,1.24714626866153,0.580945645429839,12.978637531539,3.43380191164499,0.222520923103522,56.4727596807291,12.6458333333333,2.76286282306163,0.696428571428571,1.18282306163022,frejol_canario,img8.jpg
14361,915.604,0.468776747583657,26.171300157829,165.617004383836,146.29226281624,2391.3217742497,160.288977090732,169.241835526774,148.409720771534,122.475384722512,8.43246604796637,8.27984263614999,10.0920193396726,1.13209681220031,0.215267855109492,58.3755090046654,11,2311.5,87.5,177,135,0.503036069298495,5.41903560257503,0.985815502284737,0.860884886552823,14.2340581800578,0.9432512369554,0.215260815832249,58.3774179512171,13.7589285714286,0.514910536779324,1.05357142857143,0.794433399602386,frejol_canario,img8.jpg
15102,921.7,0.850631853958472,-38.2284924228737,199.876792737178,105.087578277424,2801.15236392531,550.575089392133,163.130313865713,144.37829426566,123.073831280625,9.58288247181383,10.5091677487685,11.3057884057184,1.90200208258219,0.223390733935587,56.2528731293868,12,2713.5,462.5,182,158,0.528991763703493,5.45511500047335,1.18974281391178,0.618408015310485,16.6735259757459,3.23996474075689,0.223383429039512,56.2547126632944,16.1517857142857,2.72166998011928,1.08333333333333,0.929781312127237,frejol_canario,img8.jpg
16129,902.514,0.897262495723964,64.4381705526036,225.012305623254,99.3423630783737,2850.37751875504,876.771529543059,165.970425940852,145.687147374295,121.262074524149,8.09729285690456,8.69847836670306,11.4679970368999,2.2650186551908,0.248833822404107,50.5010552542625,13,2775.5,775.5,164,197,0.564965445422702,5.3415619610906,1.33935896204318,0.584599194258422,16.9665328497324,5.15953027325538,0.248825685516867,50.5027066970838,16.5208333333333,4.56357852882704,0.976190476190476,1.15928429423459,frejol_canario,img8.jpg
15103,915.158,0.794673786783043,-41.197905590222,191.550001791525,116.277883726164,3116.48480434351,721.607693835662,163.152883533073,146.500165530027,123.344964576574,9.06669760301889,9.53571151197482,11.0035412081923,1.64734681827052,0.226610967704438,55.4534969849699,14,3031.5,637.5,193,150,0.529026791631165,5.41639593534034,1.14017858209241,0.684259514571461,18.550504787759,4.24643891402298,0.226603557506444,55.4553103783545,18.0446428571429,3.75149105367793,1.14880952380952,0.882703777335984,frejol_canario,img8.jpg
16502,941.423,0.870066835711497,62.5850504457553,221.448302355395,109.159346492653,3223.6587686341,971.30075142407,163.771421645861,146.360138165071,121.103623803175,8.24454945698263,9.28906953644202,11.7819790184815,2.02867009991032,0.233978977103477,53.7072636607078,15,3145.5,865.5,163,195,0.578030862444381,5.57184629390325,1.31814465687735,0.64236911653728,19.1884450513935,5.71580561474204,0.233971325970947,53.7090199502463,18.7232142857143,5.09320079522863,0.970238095238095,1.14751491053678,frejol_canario,img8.jpg
25556,997.281,0.729701980155175,-3.43315527043075,223.519923924206,152.835173505325,447.375802159962,777.676905619033,171.085224604789,151.494560964157,124.490100172171,5.84699713497537,5.42298940495428,8.84852528614372,1.46249007213263,0.322899708852348,38.9172559461966,1,335.5,698.5,235,154,0.877390215273526,5.84389201611619,1.3263403228054,0.884269182126196,2.65467415805572,4.4994598135894,0.322848138014844,38.9234724772716,1.99081661486296,4.04136043784206,1.39446171234812,0.891008600469117,frejol_canario,img9.jpg
27272,801.741,0.724135689305435,-32.2010311380515,225.086399977789,155.232529794815,655.87015987093,266.179341449105,164.599809328249,142.19668524494,112.098599295981,5.55273246039314,7.23044814010724,13.4485710453595,1.44999505113591,0.53316135790774,23.5695449941698,2,553.5,172.5,208,185,0.936304036270919,4.69806185908787,1.33563560314596,0.898139734543886,3.89185457962405,1.54005248375557,0.533076205840402,23.5733099258259,3.28440237355185,0.998045347928069,1.23424696241876,1.07036747458952,frejol_canario,img9.jpg
18822,1120.931,0.871726200114798,-76.7044422009519,228.768362497007,112.094964405946,1044.83115503135,1771.40707682499,171.575231112528,150.363563914568,118.472904048454,5.49795027638728,6.08625605213856,9.02108258385805,2.04084424050072,0.188242582852483,66.7562589927213,3,980.5,1665.5,133,213,0.646198099541333,6.56845936252383,1.35748392552618,0.64855569711024,6.19990230450926,10.2489541583307,0.188212518323512,66.7669224464615,5.81816897428652,9.63620015637217,0.789205990392766,1.23236903831118,frejol_canario,img9.jpg
31657,1261.555,0.678792722195778,44.6235710244518,238.056469506881,174.811989648947,1264.5567489023,2331.09558707395,161.591433174337,144.408503648482,116.222794326689,7.5836327620242,10.0218570063136,15.2574110136503,1.36178571037914,0.249958115559439,50.2739052350191,4,1150.5,2217.5,225,214,1.08685013479864,7.39249137644401,1.41259843448559,1.01142198858656,7.50372752951349,13.4871832246655,0.249918194342396,50.2819358447463,6.82692851087878,12.829945269742,1.33512291607799,1.2381548084441,frejol_canario,img9.jpg
12567,972.651,0.932165525004595,88.1731672519332,224.095496647407,81.1298228492436,1382.61152224079,535.427468767407,172.201161772897,150.720299196308,122.289329195512,6.50463823444831,6.35841182193039,8.30947829264079,2.76218397596928,0.166927313445953,75.2804939763667,5,1336.5,425.5,103,214,0.431451042234403,5.69956452932265,1.32975570206147,0.469398505929947,8.20425034389844,3.09786025713746,0.166900653213316,75.2925190670049,7.93063012150325,2.4618451915559,0.611189601582368,1.2381548084441,frejol_canario,img9.jpg
10063,873.939,0.91512056152897,81.9874484900666,220.385815760694,88.8552202867978,1526.54615919706,963.026731590977,177.456822021266,154.146377819736,122.461691344529,4.09506139687674,3.66104335793055,5.85136052532641,2.48027988731957,0.165567501803699,75.8987752877869,6,1481.5,853.5,111,198,0.345483555184595,5.12112949577157,1.30774290222509,0.514095879689057,9.0583411537548,5.57185130083912,0.165541058748789,75.9108991409122,8.79104266742018,4.9381548084441,0.658660638598474,1.14558248631744,frejol_canario,img9.jpg
21050,1157.775,0.779303568488912,-48.6889448309811,212.002475926682,132.850628506443,2063.89406175772,2080.50674584323,163.411923990499,143.40460807601,120.9232304038,11.3433938200546,12.54494310704,14.5843352061228,1.59579580699086,0.197339320788642,63.6790000296912,7,1973.5,1980.5,193,189,0.722689937060093,6.78435875040126,1.25799717277771,0.768643198551741,12.2468989253778,12.0373337914307,0.197307803404865,63.6891719308925,11.7105114439107,11.4587177482408,1.14523876801356,1.09351055512119,frejol_canario,img9.jpg
14482,1196.377,0.583145088537067,27.685072240452,177.434387355791,144.142022569148,2203.9545642867,816.392832481701,170.761773235741,148.400082861483,125.273995304516,7.41174213860199,8.40787428360843,9.5564239674919,1.23096918021024,0.12714588136916,98.834271932675,8,2124.5,744.5,179,136,0.497196943871937,7.01055971041766,1.05287429626211,0.833972609078732,13.0780010878838,4.7234612668996,0.12712557469372,98.8500594363879,12.6065272675897,4.30750586395622,1.06216445323538,0.786864738076622,frejol_canario,img9.jpg
16479,1026.997,0.870198576391514,83.837017127952,223.366173321833,110.05277373879,2292.42126342618,602.389040597124,166.896292250743,146.468414345531,120.49414406214,7.40050222286681,8.77202915804728,11.4774489966916,2.02962783884023,0.19633709813749,64.0040559505431,9,2231.5,483.5,133,217,0.56575807471797,6.01802257224922,1.32542798523834,0.63674005134249,13.6029518315766,3.48528451948297,0.196305740820322,64.0142797752468,13.2414523876801,2.79741985926505,0.789205990392766,1.25551211884285,frejol_canario,img9.jpg
17973,1127.94,0.498740561233547,6.81923847810485,168.672954646341,146.197506268871,2604.88872197185,1550.69070272075,167.132977243643,144.618817114561,117.562732988371,9.6890107809061,10.0088418401801,12.2930600558712,1.15373345928442,0.17752455873153,70.7866601902854,10,2515.5,1476.5,177,145,0.617050177614302,6.60953087510751,1.00088500920406,0.845865165277286,15.4570961179454,8.97193995319276,0.177496205995618,70.797967448777,14.9266742017519,8.54268960125098,1.05029669398135,0.838936669272869,frejol_canario,img9.jpg
20674,923.27,0.844859321060081,75.4756043835934,227.6180153181,121.773027498734,2960.30748766567,932.575940795202,160.995936925607,141.216213601625,117.035745380671,10.7364249099608,11.3117277331127,14.0255596992099,1.86919895147114,0.304773307108407,41.2318609316049,11,2890.5,822.5,147,216,0.709781081177214,5.41020051692511,1.35065790383727,0.704550745496975,17.5661082907542,5.39567002492924,0.304724631267998,41.2384471910554,17.1518790618819,4.75879593432369,0.872280305170952,1.24972634870993,frejol_canario,img9.jpg
17242,835.227,0.653229438299674,-34.1202306573906,172.360535319758,130.504506944973,3131.58380698295,1513.30506901752,159.652766500406,141.132119243707,118.698236863473,11.7873097546033,12.9061004319845,13.966760872881,1.32072477307189,0.310590705006263,40.4595836636701,12,3046.5,1439.5,167,147,0.591953439182429,4.89428395501837,1.02276666903502,0.755069078493198,18.5824413525408,8.75563527031244,0.310541100059777,40.4660465617602,18.077564283696,8.32861610633307,0.990957897711218,0.850508209538702,frejol_canario,img9.jpg
21965,1221.56,0.766475626578501,3.37113101909894,214.22337979402,137.589977418051,3261.28927839745,1974.53330298202,159.139995447303,142.151195083087,117.491327111313,13.558594374939,14.2361718397515,15.3559117172607,1.55696936516769,0.184974330890732,67.9357538629638,13,3154.5,1904.5,230,139,0.754103775179332,7.15812768036981,1.27117574898966,0.796063981933995,19.3520980068795,11.424195810842,0.184944788339595,67.9466057258386,18.7184232834134,11.0189992181392,1.36479231421305,0.804222048475371,frejol_canario,img9.jpg
18221,1014.427,0.864270309137825,61.6509472165469,227.030146921102,114.202444913162,3235.65001920861,768.730695351518,160.076066077603,144.248175182482,120.709785412436,10.0410042214302,11.1327577863222,13.0873602415979,1.98796222877481,0.222505357486036,56.4767102974041,14,3157.5,661.5,162,202,0.625564529366839,5.94436457350806,1.34716956353296,0.660749094884596,19.1999577291271,4.44769909742082,0.22246982079362,56.4857317254581,18.7362249222944,3.82728694292416,0.961288499576151,1.1687255668491,frejol_canario,img9.jpg
14017,1035.026,0.6132703389676,32.3799225473641,178.121763751148,140.693587145201,3326.9629021902,1012.81814939003,164.630020689163,146.385032460584,118.653634871941,9.9638877321848,10.6553956168366,12.4941921362033,1.26602617337007,0.164422943403588,76.4271114129985,15,3243.5,939.5,193,141,0.48123253433593,6.06507110621046,1.05695310505061,0.814020754397569,19.7417973851354,5.85993299881642,0.164396683147962,76.4393196610242,19.2465385702176,5.4357310398749,1.14523876801356,0.815793588741204,frejol_canario,img9.jpg
