Area,Perimeter,Eccentricity,Orientation,MajorAxisLength,MinorAxisLength,CentroidX,CentroidY,MeanR,MeanG,MeanB,StdR,StdG,StdB,RelacionAspecto,Circularidad,Compacidad,Etiqueta,BoundingBox_1,BoundingBox_2,BoundingBox_3,BoundingBox_4,Clase,NombreImagen
4200,232.227,0.530367868493139,16.3579185554521,79.5014845134846,67.3987836817907,507.697857142857,632.032857142857,151.057142857143,166.197380952381,118.229761904762,8.93777656334246,9.14081539679239,12.6971359446127,1.17956853478001,0.978664265030664,12.8403284592857,2,468.5,597.5,78,69,alverjita,IMG_5669.jpeg
3136,199.825,0.488065353981517,69.3544577858829,67.7517569398995,59.134213579903,566.198660714286,1135.54846938776,152.630420918367,167.824617346939,119.319196428571,8.63871072998509,8.54931355220855,15.0495564625969,1.14572855269906,0.986929827746166,12.7327903778699,3,536.5,1102.5,61,67,alverjita,IMG_5669.jpeg
3136,200.098,0.536498332529269,-34.4654543232852,69.092413508305,58.3071831083113,657.058354591837,418.244260204082,131.782206632653,151.185267857143,111.052933673469,13.5568064336502,12.4544895202704,19.7507855254134,1.18497258528094,0.984238665957417,12.7676051033163,4,623.5,387.5,67,62,alverjita,IMG_5669.jpeg
3409,205.779,0.331203525555105,-44.5002279070742,67.9790281270204,64.1422467894056,798.737166324435,677.649163977706,127.138750366676,142.767380463479,109.60252273394,14.8038561928891,13.1582831147099,21.132771220442,1.05981675930704,1.01166042319484,12.4215303141684,5,765.5,645.5,66,65,alverjita,IMG_5669.jpeg
2917,189.958,0.220375920860894,19.6840638932581,61.8333385573016,60.3131669203094,892.547137470003,1060.26774082962,132.592046623243,148.46726088447,111.45971888927,12.717794467538,11.319528681266,19.7907998897872,1.02520463962704,1.0158535820856,12.3702577182036,6,861.5,1030.5,61,60,alverjita,IMG_5669.jpeg
3921,224.057,0.425812415785065,41.6893054752621,74.3719097819176,67.2925566186441,948.241520020403,368.623055343025,160.673042591176,179.736801836266,129.481509818924,8.21706227300491,8.7615285495307,11.9703386550166,1.10520261852129,0.981498573868606,12.803248979597,7,912.5,333.5,71,71,alverjita,IMG_5669.jpeg
3312,204.026,0.211292656365539,59.0785870431075,65.8309784315786,64.3447020741016,961.317028985507,549.603864734299,129.81884057971,150.07729468599,111.765398550725,12.9693701415631,11.0935754133481,19.7048036177933,1.02309865940113,0.999836902369462,12.5684204939613,8,929.5,517.5,65,66,alverjita,IMG_5669.jpeg
3817,219.954,0.265248541550382,9.72066079204532,71.1604930103676,68.6115292729437,1061.66413413676,1239.96358396647,132.988996594184,151.238931097721,112.00288184438,13.0193326844128,11.1416938305987,20.9678735510434,1.03715066205978,0.991444243152776,12.6748132344773,9,1026.5,1205.5,70,69,alverjita,IMG_5669.jpeg
4077,227.05,0.356585634456334,-30.1937457211523,74.6111941770194,69.7064514370254,1084.82094677459,1087.32499386804,156.809909246995,176.395143487859,124.045621780721,12.0096019777097,12.7908979981809,11.8160117654151,1.07036282351032,0.99381961235407,12.6445186411577,10,1048.5,1050.5,73,72,alverjita,IMG_5669.jpeg
3709,220.186,0.59583481618945,18.0951086107039,76.9906380083115,61.8317211993494,1103.21919654894,874.320571582637,138.55351846859,157.730385548665,118.04448638447,11.3335549495749,9.98526943029825,18.5871490252073,1.2451640762205,0.961362756639439,13.071414018873,11,1064.5,841.5,76,66,alverjita,IMG_5669.jpeg
3272,207.028,0.398984790066934,-62.6172466179228,67.841545976856,62.2078173725816,1200.90525672372,416.278117359413,140.377139364303,159.144254278729,121.68673594132,11.2540574567631,9.88809152537523,17.9314901284527,1.09056303278625,0.959323284617108,13.0992031735941,13,1169.5,383.5,64,67,alverjita,IMG_5669.jpeg
3648,214.356,0.499235951629753,50.1566653038115,73.2872106757666,63.500882013448,1310.38980263158,1065.46052631579,124.10663377193,146.180921052632,116.493421052632,16.4377123581297,12.8166564587575,21.7442940717619,1.15411327137544,0.997684913609707,12.5955303552632,14,1275.5,1031.5,69,70,alverjita,IMG_5669.jpeg
3585,211.453,0.249295048372216,-13.4669625310233,69.0043364984717,66.8257026457786,1345.77210599721,822.527475592748,163.452440725244,181.855788005579,134.952022315202,13.0556858203138,13.3488191107481,13.0122039625802,1.03260173505756,1.00756093748411,12.4720700722455,15,1311.5,787.5,69,68,alverjita,IMG_5669.jpeg
3654,215.084,0.388915571360112,-57.6431096527561,71.1347342125981,65.5345384772566,1360.91351943076,524.206896551724,163.775862068966,182.77969348659,136.400930487137,10.9333074042165,11.7989088247321,11.8122185557799,1.08545411115217,0.992572406834887,12.6604069666119,16,1327.5,489.5,67,70,alverjita,IMG_5669.jpeg
3211,200.618,0.368422511876536,55.6715536119019,66.5084857965085,61.8301765001492,1481.14450327001,410.082528807225,132.404546870134,154.184677670508,116.098100280287,14.0775056823082,11.5319613576497,21.8186385954626,1.07566385155553,1.00256000767703,12.5342827542822,17,1449.5,377.5,63,64,alverjita,IMG_5669.jpeg
3924,224.172,0.473286309645646,-86.3337821616379,75.4149747942283,66.4337044686366,1580.00254841998,1204.0998980632,165.732161060143,184.233944954128,139.285168195719,11.0711957020601,11.5850074795103,12.9671430970417,1.13519147242243,0.981242001713926,12.806596733945,18,1546.5,1165.5,67,75,alverjita,IMG_5669.jpeg
3966,225.62,0.490867586275842,70.5782254523966,76.5267719087489,66.6727400897476,1626.95864851236,834.014624306606,138.71961674231,157.819465456379,123.566313666162,12.5032778937217,10.8028852489315,19.3304316759419,1.14779701277819,0.979055663750419,12.8351952597075,19,1592.5,795.5,70,75,alverjita,IMG_5669.jpeg
4086,231.773,0.4841697192808,61.0886669480802,77.5138563926507,67.8226170563029,1650.58541360744,316.840675477239,160.171561429271,180.584189916789,133.5859030837,11.6574815144713,10.593184324916,13.8151403297214,1.14289096701035,0.955834147893563,13.147019953255,20,1614.5,279.5,74,77,alverjita,IMG_5669.jpeg
3862,221.65,0.310661743842212,-11.2719785881772,72.1098129645136,68.5418577495627,1901.8860693941,490.935007767996,164.927498705334,183.220352149146,132.708182288969,8.84631948685324,9.27612448437624,12.4196263108031,1.05205512853164,0.987840123721009,12.7210570947695,21,1864.5,457.5,73,69,alverjita,IMG_5669.jpeg
3475,209.17,0.370801649134145,-68.8119665762385,69.4749917878552,64.5222644851783,1908.65669064748,1228.03913669065,133.552230215827,153.273669064748,114.499856115108,13.850851115759,11.3882740843573,21.4061039584624,1.07675997335485,0.998081211269849,12.5905291798561,22,1876.5,1194.5,65,68,alverjita,IMG_5669.jpeg
3506,210.89,0.385865634241457,2.68258028484788,69.6428136957762,64.2493253960057,222.976611523103,846.085852823731,117.055048488306,129.997718197376,97.4868796349116,17.6139969601872,16.1735239323287,24.0643686051828,1.083946224595,0.99062618213295,12.6852801197946,1,187.5,813.5,70,65,alverjita,IMG_5670.jpeg
4160,230.201,0.519512471383048,3.97125740335124,78.8420236570103,67.3675816199841,275.717067307692,312.336778846154,155.247355769231,170.423557692308,122.556490384615,9.87240636972993,11.1364322361025,10.8503196314551,1.17032587130339,0.986481131483799,12.7385818271635,2,237.5,277.5,77,68,alverjita,IMG_5670.jpeg
3187,202.588,0.506743167430673,65.0759790777826,68.6851357618088,59.2132544585155,291.093818638218,1236.21587700031,144.628490743646,158.357075619705,111.616567304675,10.37979550628,10.1287637125912,16.1278189090796,1.15996218059471,0.975808267877124,12.8779095525573,3,260.5,1202.5,63,68,alverjita,IMG_5670.jpeg
3291,204.299,0.283792917242046,45.3175882971134,66.2500590951466,63.5262271899992,452.756912792464,545.763901549681,123.971437253115,142.537222728654,105.521118201155,14.3235232278975,12.2289977546736,20.5233300583111,1.04287728117397,0.990843956015314,12.6824920695837,4,419.5,514.5,66,64,alverjita,IMG_5670.jpeg
3065,199.808,0.521742282173149,-22.2973847833849,68.0444677735631,58.0489500550427,470.750407830343,817.103099510604,129.075693311582,146.602283849918,110.388254486134,14.5124242165878,13.6892043571258,20.4949523904334,1.17219118879915,0.964749578402593,13.0255258936378,5,437.5,787.5,68,60,alverjita,IMG_5670.jpeg
3871,222.403,0.377464708226727,-53.7036060490788,73.0960190485852,67.6886657911689,532.429088090933,273.006199948334,160.764660294498,178.440196331697,129.118315680703,9.43796015396203,10.9391540736818,10.2459144365143,1.07988565285212,0.983448796105513,12.7778595734952,6,495.5,237.5,72,71,alverjita,IMG_5670.jpeg
3843,218.325,0.31362139660065,35.2657750917993,71.8263644622058,68.2025888649251,711.380952380952,1275.08769190736,124.448087431694,140.671350507416,104.494145199063,13.1326907855067,11.7435498005713,20.4687431893848,1.05313252264452,1.01314897834547,12.4032801522248,7,676.5,1240.5,70,69,alverjita,IMG_5670.jpeg
2875,191.025,0.251069034585003,44.8367690203924,61.6222090810991,59.6483993990949,871.921391304348,1034.24730434783,128.714782608696,143.550956521739,109.112695652174,13.5498271390177,12.1408356529226,21.1838021802427,1.03309074010181,0.990073180521721,12.6923654347826,8,840.5,1004.5,61,60,alverjita,IMG_5670.jpeg
3549,209.956,0.371771422648309,-71.3634993675256,69.8491528654218,64.8426660647227,892.679064525218,614.679064525218,157.039729501268,175.540152155537,126.537616229924,11.4023895088179,12.1533735801761,13.3621846509184,1.07720976179021,1.01171754857082,12.4208289478726,9,858.5,579.5,67,69,alverjita,IMG_5670.jpeg
3142,202.902,0.400877840552335,-47.2536681953899,66.5159028656164,60.9373150155386,938.677593889243,318.95289624443,137.755251432209,155.399427116486,117.1683640993,12.482484236694,11.0313108106349,18.7670070202068,1.09154633492886,0.959054724184542,13.1028712934437,10,906.5,287.5,66,65,alverjita,IMG_5670.jpeg
3633,216.919,0.577351343447376,21.1824985307497,75.5426267750879,61.6802390927706,1074.58959537572,846.22460776218,135.803192953482,153.854390311038,115.814478392513,11.8757596900719,10.7098030929259,18.8989965356396,1.22474601081665,0.970242009042344,12.9517898598954,11,1036.5,812.5,74,67,alverjita,IMG_5670.jpeg
3449,205.854,0.213662050214238,-10.482486571261,67.1653756961377,65.6143683587847,1213.02928385039,390.763119744854,164.752102058568,182.70861119165,136.20498695274,12.0716279615283,12.9831024646567,12.490345160277,1.02363822705527,1.02278520649865,12.2864219530299,12,1179.5,356.5,67,67,alverjita,IMG_5670.jpeg
3822,219.922,0.501362165287937,69.2668679494032,75.4248602218659,65.2604195801409,1312.25274725275,842.166928309785,133.870486656201,151.718210361067,118.532182103611,12.4315965697354,10.917591342509,18.7636126393082,1.15575199649526,0.993031886380482,12.6545489492412,13,1278.5,803.5,69,75,alverjita,IMG_5670.jpeg
4110,226.968,0.334374274213567,12.7653038603741,74.5604101546446,70.2687402858048,1345.55304136253,1181.73771289538,153.8099756691,171.375182481752,120.593187347932,11.7010148326247,12.8936480218761,12.4584274300227,1.06107509329731,1.00258782033845,12.5339350423358,14,1308.5,1146.5,74,71,alverjita,IMG_5670.jpeg
3414,207.426,0.504631016620784,42.7022165218795,71.0047443158427,61.3008897686152,1348.47773872291,613.795840656122,121.608670181605,143.045401288811,113.287639132982,17.6340804148705,13.7499110382572,22.6745890262632,1.15829875526857,0.997119009248891,12.6026788154657,15,1314.5,581.5,68,66,alverjita,IMG_5670.jpeg
3853,225.182,0.461803919222463,56.5309577587962,74.943488303912,66.4735281788886,1400.52426680509,418.788736049831,161.190760446405,180.826369063068,135.897222943161,13.8406671911033,13.7224645550267,14.9015399578933,1.12741854324671,0.954864019457117,13.1603771409291,16,1364.5,382.5,73,74,alverjita,IMG_5670.jpeg
3135,198.014,0.346169692380517,56.1808684360654,65.693834468104,61.6321105560415,1623.27464114833,483.093779904306,128.90653907496,149.458692185008,111.48293460925,15.8422908679719,12.7051185942236,23.5011495937474,1.06590272303541,1.00474444893024,12.5070316414673,17,1591.5,450.5,63,64,alverjita,IMG_5670.jpeg
3985,226.009,0.53702617211396,-40.1165191674656,77.6060259850778,65.465772445973,1898.57239648683,1290.74454203262,154.817816813049,170.801254705144,125.97139272271,10.9472509317829,10.7954534733098,14.9857926255189,1.18544428768673,0.980362571537922,12.818084838394,18,1861.5,1254.5,74,72,alverjita,IMG_5670.jpeg
3704,217.771,0.270642343181894,89.4677197202108,70.1737003050996,67.5548156111181,1924.63525917927,269.544276457883,162.5936825054,179.590982721382,130.822894168467,9.64598162079631,10.0849395448485,11.2936860683602,1.03876680989046,0.981478411252633,12.8035119981101,19,1889.5,234.5,68,70,alverjita,IMG_5670.jpeg
3261,204.497,0.263518555351356,88.9972119131384,65.8970578698807,63.5678820239241,2013.69119901871,829.880404783809,130.75651640601,149.691199018706,112.780742103649,14.5018369264455,11.9685430920377,22.5146048755168,1.03664076530157,0.979911332806749,12.8239874299295,20,1981.5,796.5,64,66,alverjita,IMG_5670.jpeg
3913,222.477,0.380406065523225,17.3682177675956,73.5347760471754,68.006399497183,302.692307692308,645.186813186813,116.240480449783,133.0677229747,96.0063889598773,15.6983703377756,14.1707114406106,19.9803254472626,1.08129200473584,0.993457911479302,12.6491222921032,2,266.5,610.5,73,70,alverjita,IMG_5671.jpeg
3583,215.008,0.477857603633257,31.1755624950899,72.3069562707861,63.5171282863182,305.968462182529,946.828077030421,149.361708065867,163.298632430924,119.675132570472,10.4336090205339,11.0855571162224,13.0554144103093,1.1383851603751,0.973974156361637,12.9021602188111,3,272.5,915.5,69,65,alverjita,IMG_5671.jpeg
4387,235.395,0.377283244323184,27.2473391932548,77.6886437680565,71.9472912386699,511.613175290631,1138.47298837474,118.229769774333,133.406656029177,99.0658764531571,14.4858878452034,12.664481226412,20.6029936514568,1.07979942580939,0.994908246963977,12.6306829325279,5,473.5,1101.5,76,73,alverjita,IMG_5671.jpeg
4664,242.515,0.445927289389138,86.3670091019829,81.5642590463588,73.0056551723602,570.664451114923,518.468267581475,144.834905660377,160.136363636364,114.155445969125,9.97290858862276,9.99831931756087,13.1895101717274,1.11723206721168,0.996531874618152,12.610104036235,6,535.5,478.5,71,80,alverjita,IMG_5671.jpeg
3822,219.119,0.437377852026446,24.6288571409285,73.7513075401364,66.322915764467,769.242804814233,841.801151229723,119.705651491366,132.975928833072,103.320251177394,16.8477010168898,15.8583413106975,22.8346583216052,1.11200339565965,1.00032350161482,12.5623066878598,7,733.5,807.5,72,68,alverjita,IMG_5671.jpeg
3425,212.23,0.518321803000943,-8.9184237546103,71.8753122419506,61.4667361467303,843.651094890511,593.223941605839,126.35503649635,144.825109489051,108.467153284672,14.3993269939883,13.3391271549024,20.1707123982278,1.16933672987571,0.955557645594125,13.1508242043796,8,808.5,561.5,71,62,alverjita,IMG_5671.jpeg
4318,234.766,0.528642929818749,74.4477299762311,80.7557366876686,68.5490471178448,958.264937471051,1443.02501157943,106.568087077351,122.948587308939,98.7329782306623,20.0594292071246,17.3696714640545,24.9814994038056,1.17807234502967,0.984514464563905,12.7640284289023,9,922.5,1402.5,70,80,alverjita,IMG_5671.jpeg
4094,228.026,0.418056485652977,-17.5216907505552,75.8430314064942,68.8974050032094,969.369809477284,673.632388861749,156.020517830972,173.348558866634,128.59868099658,12.0864654704987,13.898357130618,12.6719941731676,1.10081114670373,0.989438862711017,12.7005023634587,10,930.5,639.5,77,69,alverjita,IMG_5671.jpeg
3247,202.388,0.265310762013277,37.3011786500581,65.6223439199563,63.2706328837917,982.820141669233,972.748075146289,122.681244225439,137.468740375731,103.004311672313,14.8516289840257,13.322653345299,22.2144226326272,1.03716907716861,0.996145173827502,12.6149992436095,11,950.5,940.5,64,63,alverjita,IMG_5671.jpeg
4383,236.263,0.43554658668914,-9.25697944933263,78.8768823235287,71.0023026930134,1025.79443303673,405.891626739676,157.381930184805,176.05042208533,127.614647501711,10.1560693033676,11.518582378441,12.4068058540224,1.11090597532536,0.986710855611909,12.7356160549852,12,985.5,370.5,79,72,alverjita,IMG_5671.jpeg
4761,247.602,0.327966538357472,-45.7395188122151,80.1540793356442,75.7207043316985,1080.18798571729,1216.41314849821,147.870195337114,165.218021424071,115.946439823566,12.2365496448033,13.0267315157554,12.406027795504,1.05854904603799,0.975887485484151,12.8768641890359,13,1041.5,1176.5,78,79,alverjita,IMG_5671.jpeg
4291,233.352,0.508476328967992,80.614743831225,80.1473318681616,69.0129413808653,1191.03192728968,603.57935213237,130.392915404335,147.849685388021,115.271964577022,12.819852253496,11.4027973408736,18.6405179238813,1.16133771818025,0.990251077481704,12.6900852724307,14,1156.5,563.5,71,79,alverjita,IMG_5671.jpeg
4191,232.352,0.369437434329391,35.4544245124767,76.2016654187526,70.8108248110947,1437.09043187783,712.714149367693,162.898830827965,181.354569315199,136.636840849439,11.6415139001799,12.581487233305,11.6371890881857,1.07613017673554,0.975516668918342,12.8817589844906,15,1401.5,675.5,75,75,alverjita,IMG_5671.jpeg
3662,216.878,0.399354104478132,-56.9281461943613,71.709732049036,65.743250006543,1440.10786455489,374.169579464773,133.404423812125,152.278263244129,114.376297105407,13.3641663380277,11.7194213768841,19.9839286875152,1.09075429100172,0.978356657738256,12.8443656155106,16,1406.5,339.5,68,71,alverjita,IMG_5671.jpeg
4474,243.525,0.616588970300426,-70.2469324111164,85.3684730301077,67.2093383757604,1567.88556101922,1430.7467590523,124.640143048726,140.426240500671,104.170317389361,13.6270682344815,11.9369773573344,21.8335686787471,1.27018767173129,0.9480227071779,13.2553477033974,17,1531.5,1389.5,73,83,alverjita,IMG_5671.jpeg
3740,216.175,0.352157186227462,67.4343356797699,71.6850938306134,67.0930092410303,1599.40267379679,985.324331550802,124.10614973262,143.251336898396,107.698395721925,15.6325729104325,13.3411603239718,23.2058234244378,1.06844356277248,1.00570481853806,12.4950884024064,18,1565.5,949.5,68,70,alverjita,IMG_5671.jpeg
3988,224.825,0.163541810008777,-5.68223776838616,72.6721579402149,71.6937293638528,1696.35080240722,287.37186559679,163.621364092277,180.660481444333,138.851554663992,13.3746749949785,13.6960656820929,13.2838634603295,1.01364733826855,0.991461397167131,12.6745939380642,19,1659.5,252.5,73,71,alverjita,IMG_5671.jpeg
4539,242.979,0.458219988344772,55.8501904968995,81.0855998074531,72.0720285937841,1797.67393699053,513.571271205111,155.976206212822,175.851068517295,131.531835205993,13.8553999912757,13.5222367367063,15.1489603008207,1.12506337603555,0.966123322107764,13.0070047237277,20,1759.5,474.5,79,80,alverjita,IMG_5671.jpeg
3720,216.274,0.287901891738105,85.605104117781,70.5379499531605,67.5513667121146,1804.075,775.251612903226,128.718817204301,148.273387096774,112.379569892473,15.3153100144195,12.9297330024876,22.5287247391794,1.04421203280422,0.999411123066946,12.5737750204301,21,1770.5,740.5,68,70,alverjita,IMG_5671.jpeg
4308,236.429,0.559346708919536,-17.4759516285088,81.4871841536874,67.5474819214915,2072.50626740947,947.042014856082,158.91713091922,175.907613741876,130.379526462396,10.7778226811155,11.6899941167364,13.0785030749932,1.2063689398281,0.968465307493392,12.9755506130455,22,2033.5,911.5,81,70,alverjita,IMG_5671.jpeg
3110,198.461,0.449559569961076,49.3349425853894,66.7643638773173,59.6372915983112,244.214469453376,1127.74694533762,156.079421221865,170.055627009646,125.327652733119,10.2691564936508,10.7194309659582,13.7686056098297,1.11950697437789,0.992247246427943,12.6645557945338,2,210.5,1095.5,65,65,alverjita,IMG_5672.jpeg
3594,212.561,0.0964794798508153,60.9271867180343,68.3068013103111,67.9881482890696,252.955759599332,751.25041736227,126.574568725654,143.221758486366,104.926544240401,12.9101728140183,11.478998096372,19.3126142366996,1.00468689071935,0.999587387471767,12.5715577966055,3,219.5,717.5,68,68,alverjita,IMG_5672.jpeg
3241,201.876,0.355610250272925,10.9379835399614,66.8115546395766,62.4443732890024,260.095649490898,418.271212588707,125.366244986115,143.103671706263,101.857142857143,14.7472770786686,12.5017673603254,21.1865673227315,1.06993714758513,0.999354363573742,12.5744891626041,4,227.5,386.5,66,64,alverjita,IMG_5672.jpeg
3996,224.594,0.491377582869813,58.871950226286,76.519624998209,66.644511223068,468.631131131131,796.131881881882,150.74974974975,166.163163163163,118.063813813814,8.96922494882725,8.96073506306779,13.0484677263991,1.14817595018572,0.995494909660748,12.6232394484484,5,433.5,758.5,71,74,alverjita,IMG_5672.jpeg
3185,200.85,0.452308599517643,6.60490374120893,67.7396397346461,60.4143765368691,475.712715855573,493.012244897959,128.805965463108,141.52590266876,109.880062794349,14.9696309686227,13.4251848502408,21.1321531553455,1.12125033175351,0.992146097699018,12.6658469387755,6,441.5,462.5,68,60,alverjita,IMG_5672.jpeg
3486,209.592,0.450654223396973,7.17880426003367,70.6042916081168,63.0283515011256,530.355134825014,670.438898450947,154.710556511761,171.125358577166,124.829317269076,10.0709812469792,10.8900362276371,12.5631768612859,1.12019892519093,0.997212796973115,12.601493535284,7,494.5,638.5,71,65,alverjita,IMG_5672.jpeg
3037,199.684,0.511909667418081,-2.6361741066695,67.7350921940146,58.1871051374218,540.706289101087,1081.30293052354,132.403687849852,148.381626605203,113.481725386895,13.9807306536548,13.0232726565413,20.2025174516212,1.16409111664935,0.957123810773383,13.1293051880145,8,507.5,1050.5,67,60,alverjita,IMG_5672.jpeg
3620,214.239,0.512107370904598,82.2462611139168,73.7928837688956,63.3822900131684,835.296408839779,507.489226519337,138.061602209945,154.866022099448,121.993093922652,11.9147666444201,10.8829338109402,18.0000831055469,1.16425083021715,0.991108885072446,12.6791019671271,9,804.5,470.5,64,73,alverjita,IMG_5672.jpeg
3781,217.3,0.377227359003324,-12.1972300116617,72.1785199221596,66.8460201736558,860.709600634753,840.161332980693,158.575773604866,176.196244379794,126.896323723883,11.9288182118683,12.9797602584861,12.2926114396099,1.07977288303254,1.00622960008276,12.4885718064004,10,824.5,807.5,72,67,alverjita,IMG_5672.jpeg
3480,209.22,0.528037008060785,57.2516944469128,72.3383149715772,61.4312422133699,1005.31982758621,1049.9933908046,123.400574712644,143.010057471264,115.087643678161,16.7259464977684,12.9675856527995,22.1131056613165,1.17754927892104,0.999039621365616,12.5784506896552,11,972.5,1014.5,66,70,alverjita,IMG_5672.jpeg
2639,181.134,0.227718569638428,30.4214440261402,58.8896812217463,57.3424720982072,1005.07957559682,712.902614626753,134.659719590754,150.8446381205,114.597953770368,13.883196657418,12.3226817015388,21.7874008857868,1.02698190480678,1.01076291366621,12.432560043956,12,976.5,683.5,59,59,alverjita,IMG_5672.jpeg
3706,217.821,0.400831364980683,64.6158157140967,71.8602547835764,65.8349055414305,1072.06206152186,427.265785213168,163.755531570426,183.205342687534,132.786832164058,7.62796388895331,8.23115332612721,12.1133601687348,1.09152210658758,0.98155758620879,12.802479233945,13,1037.5,391.5,68,71,alverjita,IMG_5672.jpeg
3719,221.409,0.599045960601191,75.9742197265798,77.1743727244931,61.7946501878713,1099.94622210272,1271.36165635924,133.42296316214,149.871470825491,112.519763377252,12.8624920070324,11.1606268640977,20.4426163716458,1.24888436927571,0.953334920654712,13.1814856899704,14,1067.5,1232.5,64,75,alverjita,IMG_5672.jpeg
3131,197.865,0.277937516392854,66.8802283981931,64.4990989642652,61.9577799765842,1256.03768763973,702.27020121367,135.629511338231,155.225487064836,118.158735228362,13.783263374468,11.4861884853436,20.7576315585524,1.04101694716372,1.0049743395085,12.5041706244011,15,1224.5,670.5,63,64,alverjita,IMG_5672.jpeg
3141,199.486,0.406344525599687,-60.8941103683488,66.6182310661477,60.8704060110657,1309.83731295766,989.413244189749,131.336517032792,150.822349570201,114.071633237822,13.9436913742008,11.720835482766,21.4061935388366,1.09442725014906,0.991865892002416,12.6694250862783,16,1278.5,956.5,63,66,alverjita,IMG_5672.jpeg
3356,205.432,0.206308773004942,20.9893999801622,66.6035118406508,65.1706664408004,1351.37187127533,324.111740166865,168.902264600715,185.176400476758,143.489868891538,11.5341253903936,12.0269638805532,11.4569713455178,1.02198604798912,0.999299402222868,12.5751807580453,17,1318.5,291.5,66,66,alverjita,IMG_5672.jpeg
3098,200.387,0.397367203142587,-59.3957960325573,65.8731557003579,60.4491396111636,1414.03486120077,508.75823111685,139.67785668173,158.870238863783,120.832149774048,12.5946016718145,10.3450298952442,19.9346261066464,1.08972859041641,0.969509771204832,12.9615719073596,18,1383.5,476.5,62,65,alverjita,IMG_5672.jpeg
3812,228.572,0.482750177205021,14.5090716900213,74.8810421895499,65.5776799475975,1522.60440713536,731.267838405037,159.741867785939,178.752623294858,134.831584470094,12.0261675452158,12.1617253425683,13.1767536735472,1.14186781614395,0.916888866454203,13.7054457460651,19,1485.5,696.5,75,66,alverjita,IMG_5672.jpeg
3716,219.384,0.408245695461167,-18.2785747896763,72.2517530675194,65.9566088066089,1711.73735199139,977.666038751346,164.240312163617,181.813240043057,135.234122712594,8.98769011951862,9.70665834927365,10.7875896149799,1.09544372239283,0.970232164637308,12.9519212744887,20,1674.5,943.5,72,68,alverjita,IMG_5672.jpeg
3585,213.851,0.408157656472762,-72.588645435432,70.9083949997348,64.7330861593712,1783.0220362622,429.422873082287,168.154811715481,185.12719665272,141.774058577406,9.60769373355356,9.93893181405593,11.9451054148837,1.09539648434435,0.985091231121896,12.7565551467225,21,1750.5,393.5,65,71,alverjita,IMG_5672.jpeg
4306,233.386,0.543609246144206,45.2700984937616,80.9197129611726,67.9190242270314,302.123316302833,810.888295401765,144.872735717603,158.532977241059,105.775661867162,9.86701657382401,9.84346493426688,14.6240322896827,1.19141453932972,0.9934231771067,12.6495645601486,2,264.5,772.5,76,75,alverjita,IMG_5673.jpeg
3292,208.203,0.477993682138146,-34.6715183174864,69.4152990022124,60.971849246853,394.990279465371,1253.73450789793,118.886998784933,136.414641555286,92.7184082624544,18.3213819519597,17.2323480050971,25.9059137495909,1.138481116444,0.954323733475848,13.1678278277643,3,360.5,1219.5,69,67,alverjita,IMG_5673.jpeg
3285,203.902,0.427832221526469,58.278904666913,68.4607174093417,61.8787787070789,413.851750380518,475.386301369863,115.934246575342,127.649923896499,86.9394216133942,21.5314106249895,19.5896966729248,28.4256136796317,1.10636827099352,0.992892583368967,12.6563243847793,4,381.5,442.5,65,67,alverjita,IMG_5673.jpeg
3748,216.853,0.344446459913333,-48.7300313789218,71.3850469018048,67.0167077038257,516.586979722519,651.342849519744,147.267342582711,163.356990394877,109.222785485592,11.9402046682032,12.6803651033569,14.8124019738077,1.06518283794669,1.00156370237023,12.5467512297225,5,482.5,616.5,69,69,alverjita,IMG_5673.jpeg
4307,234.188,0.255411884888574,-75.0701738457347,75.3914953123504,72.8909356491137,561.333410726724,1187.99233805433,151.888785697701,167.095426050615,117.128163454841,13.8218857562591,15.4990506570907,13.8551934303131,1.03430549547716,0.986859805014749,12.7336938342234,6,525.5,1150.5,73,77,alverjita,IMG_5673.jpeg
3649,214.554,0.332059444312397,8.95686323547211,70.7034737015363,66.6916498358462,562.970950945465,267.168813373527,123.633872293779,141.077007399287,93.2049876678542,14.5278095897493,13.5208310787255,22.7794697143552,1.06015481511651,0.996117330660807,12.6153518542066,7,528.5,234.5,70,66,alverjita,IMG_5673.jpeg
3330,204.58,0.288628653134497,-18.840909880801,66.7167849185841,63.8773933561813,746.135135135135,156.227927927928,119.166666666667,139.783783783784,88.4822822822823,17.7415992415211,15.0728313403719,26.522883303607,1.04445064855058,0.9998336497238,12.5684613813814,8,712.5,124.5,66,65,alverjita,IMG_5673.jpeg
3111,197.725,0.34475497449184,-22.2167668657867,65.4847753297148,61.470081349003,761.722275795564,830.903567984571,160.333976213436,175.530697524912,126.380906460945,11.7493380632354,12.6918564972229,14.9414035102637,1.06531134972667,0.999969391524415,12.5667552635808,9,728.5,797.5,66,64,alverjita,IMG_5673.jpeg
3803,219.897,0.557722970992535,60.3329341082192,76.5045896751592,63.5008873544695,889.298185642913,1184.6810412832,109.734683144886,129.290297133842,91.7891138574809,21.0133927841307,17.4623779254191,29.355531061839,1.20477985210036,0.988319992218357,12.7148805177491,10,855.5,1147.5,68,74,alverjita,IMG_5673.jpeg
3903,223.627,0.431730331097208,-25.2970489900137,74.3685693943723,67.0806524666981,927.297207276454,470.689982065078,158.601076095311,177.854983346144,122.23904688701,10.4595321738521,11.7271640375841,12.9399112929021,1.10864409721256,0.980753665439188,12.8129733868819,11,889.5,436.5,74,69,alverjita,IMG_5673.jpeg
3809,221.914,0.522837591555782,84.0228329316176,75.8455617495591,64.6532078380325,924.399842478341,296.715410868994,129.294565502757,147.43869782095,103.489104751903,13.9873470124209,13.1108110172779,21.1633291694739,1.17311366729962,0.97196680589936,12.9288063523234,12,892.5,258.5,66,75,alverjita,IMG_5673.jpeg
3554,210.187,0.180278748756735,-17.8300888330568,67.8783398243738,66.7661913373391,1119.85706246483,313.241136747327,157.396736072032,175.920934158694,120.90770962296,14.780070809823,15.3152148879491,14.7333722174308,1.01665736003145,1.01091719673554,12.4306626249297,13,1085.5,279.5,68,66,alverjita,IMG_5673.jpeg
3638,214.654,0.497880655303242,-34.3444659592144,73.2654604416917,63.5391449203008,1368.26635514019,418.849092908191,162.512369433755,181.38400219901,128.165750412314,12.7013553471044,13.3018151676759,13.2403081886229,1.15307595866439,0.992189409506494,12.6652940395822,14,1332.5,384.5,72,68,alverjita,IMG_5673.jpeg
3752,220.607,0.584078674177809,-83.9801857581046,77.0624358337498,62.5513518981467,1397.50479744136,871.804371002132,133.649253731343,152.465618336887,104.38592750533,13.9446903971385,12.6544372189798,23.7814135903927,1.23198673562214,0.968799968925522,12.9710683499467,15,1366.5,833.5,61,76,alverjita,IMG_5673.jpeg
3433,208.269,0.436107195228129,-58.5981530664387,70.3236694555928,63.2838991149085,1409.01369064958,1234.64520827265,120.813282842994,140.311389455287,93.0221380716574,16.3470280075668,13.9750039580362,25.7054450658489,1.1112410966951,0.994567821599128,12.6350062222546,16,1376.5,1199.5,65,70,alverjita,IMG_5673.jpeg
4077,231.904,0.462269807394617,28.73285187728,76.8812436888354,68.1736219027353,1710.43561442237,758.705911209222,155.529556046112,176.12092224675,123.74564630856,15.0692683303432,14.5978928377469,17.1763156194389,1.12772714054306,0.952651589021378,13.1909406956095,17,1675.5,722.5,74,72,alverjita,IMG_5673.jpeg
3278,205.126,0.368798451708196,-60.6994067370484,67.2239557531225,62.4852979579157,1727.01647345943,219.207748627212,132.938377059182,151.786455155583,105.665649786455,14.783614218588,12.4756035175669,24.3506925130875,1.07583636391393,0.978988050179246,12.8360817193411,18,1695.5,186.5,63,66,alverjita,IMG_5673.jpeg
4063,228.993,0.255055149621001,66.4620431412114,73.3435039724798,70.9177781342762,1879.20723603249,1248.17228648782,159.595865124292,176.659365001231,124.818114693576,11.6104972382186,12.4869657416134,13.1945689067807,1.03420476362938,0.973671084608011,12.9061762365247,19,1844.5,1211.5,72,75,alverjita,IMG_5673.jpeg
3367,208.169,0.387722486041739,-12.1324802526735,68.52806275602,63.1675339697617,2107.50371250371,642.768933768934,127.769824769825,147.62874962875,102.413127413127,15.4228247006142,12.7114783027193,24.6947396483695,1.08486208736318,0.976384482188295,12.8703096409266,20,2074.5,610.5,67,63,alverjita,IMG_5673.jpeg
2866,192.464,0.227327958736391,1.12580143200566,61.2865002899339,59.681912937496,2114.72644801117,236.270411723657,125.907187718074,141.767271458479,96.8084438241451,15.157961891449,13.2233830923053,26.6537479767384,1.02688565552713,0.972270334627194,12.9247701660851,21,2084.5,206.5,62,60,alverjita,IMG_5673.jpeg
3469,211.527,0.49976749763683,24.0589233363252,71.7055928660089,62.10848745385,202.810896511963,517.649754972615,114.863937734217,127.066301527818,85.8149322571346,21.2593949556067,20.7238721889288,28.6158241893146,1.15452164117328,0.974277210087744,12.8981469383108,1,168.5,485.5,70,65,alverjita,IMG_5674.jpeg
4645,241.788,0.459568758940952,-6.70136013871894,81.697787530385,72.5592522181357,217.999354144241,979.238751345533,149.176103336921,164.202368137783,111.953498385361,10.8640882020226,11.9454128621644,12.2732311988028,1.12594583092968,0.998449483197129,12.5858852409042,2,177.5,941.5,82,74,alverjita,IMG_5674.jpeg
3827,224.073,0.347728580120708,5.62027084176247,72.8571921318021,68.3105565618368,271.221844787039,190.993728769271,125.165142409198,141.482100862294,92.9085445518683,14.7398563027516,13.5795224581189,22.5282652837385,1.06655831541717,0.957831838018896,13.1196000337079,3,235.5,158.5,72,67,alverjita,IMG_5674.jpeg
3319,208.765,0.457504559082138,-36.357268042904,69.2672463160186,61.592939363134,329.948779752938,1418.16721904188,117.414582705634,134.585718589937,93.7098523651702,19.8536199443231,18.7091678205316,28.4106182120944,1.12459718649956,0.956977521620917,13.131312210003,4,295.5,1384.5,68,67,alverjita,IMG_5674.jpeg
4141,229.101,0.323510991689458,74.8905286733262,74.7610356620596,70.740717025304,400.45230620623,664.302825404492,150.898333735813,167.268051195363,111.42163728568,11.8123021773971,13.2199386739969,11.694106667403,1.05683174847263,0.991427873799496,12.6750225068824,5,365.5,626.5,70,74,alverjita,IMG_5674.jpeg
3200,202.206,0.400951137066235,88.4844090595118,66.8208872416938,61.2145774450377,565.8696875,883.9503125,150.556875,165.345625,111.821875,9.37555914764773,9.78349144373492,16.3455617651572,1.09158455437661,0.983494116166777,12.77727076125,6,535.5,851.5,61,66,alverjita,IMG_5674.jpeg
3783,223.767,0.437797980055535,-39.5551872196177,73.5831039264109,66.1566093865254,611.311921755221,313.762357916997,159.827914353688,176.274649748877,127.250859106529,12.8260436671372,14.2541118128218,13.416949180278,1.11225627505327,0.949410709883274,13.2359688842189,7,576.5,279.5,69,70,alverjita,IMG_5674.jpeg
3899,222.213,0.575504784966995,57.6926984322551,78.0437484433705,63.8240535344676,622.771479866632,1207.88509874327,107.496281097717,125.784560143627,89.8002051808156,20.779713288937,17.9084742683735,29.0378875302696,1.2227952334808,0.992257005886649,12.6644312308284,8,588.5,1170.5,69,75,alverjita,IMG_5674.jpeg
4052,226.513,0.421809703700146,-29.637889560604,75.5154307395136,68.4686618723011,693.781589338598,558.709772951629,157.135241855874,176.1614017769,119.852171767029,9.06148785783682,10.0362271867294,12.3963831898938,1.10291962300001,0.992414352850828,12.6624232894867,9,656.5,523.5,74,71,alverjita,IMG_5674.jpeg
4100,233.867,0.608954812815347,37.8897106665919,81.5085675451402,64.65299632816,927.149512195122,1378.55780487805,128.636097560976,144.731463414634,98.8970731707317,15.2839837876076,14.2279849350121,23.4156756893078,1.26070827609329,0.942010690500859,13.3399448021951,10,890.5,1340.5,77,76,alverjita,IMG_5674.jpeg
3405,207.715,0.365855220969652,-60.0281734122024,68.7789109782484,64.0105913292546,985.48751835536,1090.38737151248,120.662848751836,139.708370044053,94.4992657856094,15.6892464160749,13.3917890931597,25.1233575160701,1.07449266675989,0.991724997798842,12.6712250293686,11,952.5,1055.5,66,69,alverjita,IMG_5674.jpeg
3950,225.322,0.512819754782194,75.3270337862553,77.0336130581258,66.1330718753795,1091.95189873418,719.640759493671,131.359240506329,149.91417721519,107.579240506329,13.532056214191,12.2314961314452,22.4118921338737,1.16482738323856,0.977686829326777,12.8531654896203,12,1058.5,680.5,69,76,alverjita,IMG_5674.jpeg
3375,206.647,0.230580864497316,13.9169838208419,66.6867103625416,64.8897146848918,1290.52622222222,459.129777777778,128.38162962963,150.552,99.8711111111111,16.2026151137864,13.0546094805621,26.2668972534981,1.02769307410853,0.993174205459917,12.6527355878519,13,1257.5,425.5,66,65,alverjita,IMG_5674.jpeg
4217,234.982,0.459138933655015,50.0059080644307,78.1948615394041,69.4655370821864,1491.85890443443,913.151055252549,156.79724922931,176.984823334124,128.211999051458,14.0639941592139,14.0805071084148,16.7358402074624,1.12566410372513,0.959719398749062,13.093796614655,14,1453.5,873.5,75,78,alverjita,IMG_5674.jpeg
4053,228.117,0.516787085290611,-40.7426373597252,77.7875498374401,66.5950071469407,1544.05798174192,1246.77226745621,159.46138662719,175.729089563286,126.680730323217,11.8909698768366,12.5979336388758,13.4787945868271,1.16806879629584,0.978748624678439,12.8392217342709,15,1507.5,1209.5,74,73,alverjita,IMG_5674.jpeg
3367,209.236,0.387274245090441,87.5403112634046,68.6232872471661,63.2682391747356,1614.92515592516,219.866052866053,136.615087615088,156.685773685774,109.316602316602,14.9573085642366,12.3103503707494,24.7805130510614,1.08464038421618,0.966451718183126,13.002585000297,16,1584.5,185.5,62,69,alverjita,IMG_5674.jpeg
3725,214.852,0.243586508884061,-15.840387500017,70.0126381997325,67.9037997258741,1662.42416107383,646.816644295302,161.732617449664,180.308187919463,128.608322147651,12.5573837191509,13.0832068249328,14.7065782245759,1.03105626610546,1.01404526051313,12.3923172896644,17,1627.5,612.5,70,70,alverjita,IMG_5674.jpeg
2939,191.223,0.264738988585285,-6.51170490365795,62.3677587972068,60.1424838094556,1867.67063627084,380.62538278326,129.403198366791,146.416127934672,98.4899625723035,16.8605905368801,14.1932360463578,29.7011461909547,1.03700005132481,1.01001819025936,12.4417270258591,18,1836.5,351.5,61,59,alverjita,IMG_5674.jpeg
3520,213.893,0.39106072712841,-33.3304059077716,69.9444363312687,64.3744025743986,1925.77670454545,866.067045454545,129.656818181818,148.609943181818,104.146875,16.4204095063333,13.8158169483652,27.2837023970183,1.08652559921519,0.966850628536464,12.9972202980114,19,1891.5,832.5,68,67,alverjita,IMG_5674.jpeg
4206,233.658,0.299503993075818,4.84703806115011,75.1053821537529,71.6576730931766,2122.9980979553,1430.25915359011,155.658345221113,171.718497384689,120.642891107941,10.7703963195677,11.2487674146117,16.2779632077729,1.04811360614645,0.968094655012677,12.9805185363766,20,2086.5,1393.5,75,71,alverjita,IMG_5674.jpeg
3945,223.585,0.464610625782023,13.7917038792538,75.4896018718012,66.8471812457399,314.73257287706,327.973384030418,152.253738910013,168.080861850444,115.280354879594,11.3879251662477,12.1648706678094,12.1020626657824,1.12928623862674,0.991679974938293,12.6718003105196,1,276.5,294.5,75,68,alverjita,IMG_5675.jpeg
3909,221.41,0.373185386215933,20.8324375590444,73.8461447001681,68.5112624046183,315.854182655411,627.103862880532,123.52570990023,139.859043233564,91.5351752366334,15.3226194855993,14.3199059512925,22.8363319887712,1.07786869061094,1.00203079930188,12.540902558199,2,279.5,592.5,72,69,alverjita,IMG_5675.jpeg
3494,212.256,0.346771540403491,-7.6853331373606,69.0320825806383,64.7486159594895,326.599026903263,991.82140812822,111.183743560389,122.4559244419,84.5578133943904,22.8783614084787,20.4871581932257,28.5139521737005,1.06615533873077,0.974569495058582,12.8942786307956,3,292.5,958.5,70,67,alverjita,IMG_5675.jpeg
4625,247.792,0.304048169504446,-58.9424606712458,81.9181397835509,78.0398613870989,613.776,1473.85513513514,154.423351351351,168.301405405405,126.296432432432,13.0434053626572,14.7678242610424,13.9700974459855,1.04969612102736,0.946557583121087,13.2758649219459,4,573.5,1433.5,79,81,alverjita,IMG_5675.jpeg
3375,207.913,0.348258010981342,-41.0408090820346,68.3480127367246,64.0693395638909,624.012444444444,840.815703703704,120.868148148148,139.310222222222,94.4651851851852,15.3940373479527,12.7905728720947,25.0559164785624,1.06678191474983,0.981115984354222,12.8082416500741,5,590.5,808.5,67,66,alverjita,IMG_5675.jpeg
4032,228.365,0.514103262504365,-70.8152233183351,78.167648803945,67.0466044717262,688.048363095238,539.151537698413,131.554067460317,147.623759920635,106.910218253968,13.9198383111727,12.9744156371751,21.1930179230018,1.16587035868324,0.971563746739549,12.9341699466766,6,653.5,502.5,68,75,alverjita,IMG_5675.jpeg
3252,206.409,0.412018498801597,-56.7484263921714,67.6882513669981,61.6758749776762,719.621771217712,1202.43450184502,125.573493234932,143.134993849938,99.6263837638376,16.0948762996059,14.8749502758488,25.5980636011214,1.09748343888916,0.959186684756182,13.1010686595941,7,686.5,1167.5,65,68,alverjita,IMG_5675.jpeg
3297,203.869,0.369061960647719,-0.247454107381223,67.3374572123889,62.5837554798693,835.168941461935,1037.49256900212,152.779496511981,169.735517136791,116.331513497119,9.76244994834778,9.62796056698374,14.5414816729185,1.07595743809348,0.996842224912772,12.6061780894753,8,800.5,1006.5,68,63,alverjita,IMG_5675.jpeg
4098,226.447,0.350106965539538,-43.4071412235965,74.6933843862633,69.9660196981309,840.544899951196,337.286969253294,151.607857491459,171.117862371889,106.979258174719,11.7340227528981,12.7687231570107,13.3915448148233,1.06756658029896,1.00426580460631,12.5129926327477,9,803.5,299.5,73,74,alverjita,IMG_5675.jpeg
3412,208.161,0.233664784360203,23.0126643797489,67.1249136693836,65.2667091839426,1026.9062133646,473.178194607268,123.634525205158,144.429073856975,93.9586752637749,15.4722517905695,13.052920226373,25.8232563159295,1.02847093883965,0.989509926734784,12.699590246483,10,993.5,442.5,67,65,alverjita,IMG_5675.jpeg
3790,218.111,0.513896288940172,49.2341526760487,75.1432260475454,64.4617908534129,1099.55065963061,1042.41846965699,114.28364116095,134.741952506596,96.9131926121372,19.7946576987427,16.089266928811,28.0908323867009,1.16570180649219,1.00113797701928,12.5520866282322,11,1064.5,1006.5,71,71,alverjita,IMG_5675.jpeg
4155,229.118,0.422505147510931,31.6223932805722,76.4898719252814,69.3274004352307,1215.21203369434,789.525150421179,159.049578820698,178.895066185319,124.336221419976,8.77789640389704,9.76167928629068,12.2993016492128,1.1033137178819,0.994632103811646,12.6341896327316,12,1178.5,753.5,74,73,alverjita,IMG_5675.jpeg
3439,211.719,0.413307624515846,57.4826929196018,69.6339168599202,63.4080500378105,1241.77784239605,603.408258214597,133.178249491131,152.880779296307,107.175050886886,13.8953511406607,12.0586978149986,23.6227046609645,1.09818732508565,0.964100641314508,13.0342933879035,13,1207.5,568.5,67,71,alverjita,IMG_5675.jpeg
4017,231.187,0.592441554367896,42.7961268273675,80.2511502311906,64.6514047011171,1334.06821010705,1393.89046552153,130.229773462783,147.763256161314,100.237241722679,14.8658921955724,13.6185573295193,24.0747141150355,1.24129012512862,0.944462843800384,13.3053096761265,14,1297.5,1355.5,75,76,alverjita,IMG_5675.jpeg
4177,236.015,0.505081934858838,2.97419531050822,79.1010918691667,68.2698899902122,1591.0095762509,672.858271486713,158.153220014364,178.291596839837,127.622216902083,13.5288815790297,13.3145776403774,15.4985929582559,1.15865269272453,0.942312881875793,13.3356668003352,16,1552.5,639.5,80,68,alverjita,IMG_5675.jpeg
3772,216.58,0.231780932792248,6.70952015763292,70.3841103582954,68.4674108934152,1624.42285259809,372.861611876988,165,183.234358430541,133.588282078473,12.1661135868883,12.6908117563709,13.0722002358059,1.02799433248416,1.01051985092245,12.4355504772004,17,1589.5,338.5,70,69,alverjita,IMG_5675.jpeg
4137,231.566,0.529270379031188,-43.3903742729867,78.9783659383016,67.009448860522,1698.21682378535,1377.90331157844,159.509547981629,176.170413343002,127.518975102731,12.8451749144143,13.6908642063222,14.2955367002762,1.17861536367345,0.969495499162996,12.9617627159778,18,1661.5,1340.5,74,74,alverjita,IMG_5675.jpeg
3503,210.667,0.309453474425351,-22.5836197301106,68.6792326911166,65.3080840237146,1818.04481872681,429.88181558664,133.328290037111,154.090493862404,107.832143876677,15.4178101902146,12.8232093603637,26.9011840057946,1.05161916350475,0.991875081687146,12.669307704539,19,1783.5,396.5,68,66,alverjita,IMG_5675.jpeg
3044,197.526,0.295338234467938,5.72886604307247,63.7867136889079,60.9413644893424,2035.32358738502,480.411300919842,130.646189224704,146.507555847569,98.9237844940867,16.6781595954399,14.4853754278833,28.3433151838394,1.04668994899291,0.980406030249618,12.8175166478318,20,2003.5,448.5,65,63,alverjita,IMG_5675.jpeg
4182,233.311,0.252133877214822,-57.0135279155751,74.3618118310417,71.9593573521104,2076.18603538977,959.872788139646,159.217120994739,177.537780966045,121.255858440937,10.5412352364493,10.6904827792716,14.7850437971377,1.03338626924051,0.965435940286954,13.016265595648,21,2041.5,922.5,72,74,alverjita,IMG_5675.jpeg
3130,204.539,0.489854610835537,-26.4528409057541,67.80207470235,59.1101294930608,174.823322683706,194.75303514377,167.296485623003,182.529073482428,132.944728434505,12.3049416412973,14.1615553463739,12.3561384439015,1.14704662777485,0.940160379116648,13.3661988884984,3,141.5,164.5,66,61,alverjita,IMG_5676.jpeg
2969,192.406,0.462144811444076,33.0531955981876,65.6983055925837,58.2615512651538,285.499831593129,1133.73863253621,120.252273492759,133.590434489727,94.1515661839003,18.0281492902304,16.2142200777264,26.7854722060227,1.12764428968917,1.00781969151151,12.4688679137757,4,254.5,1103.5,63,60,alverjita,IMG_5676.jpeg
3017,195.235,0.340374465126146,-24.7617813881926,64.3504774986259,60.5081084132075,466.79781239642,729.140205502154,131.608551541266,148.975140868412,101.404375207159,15.0534491955312,12.8200814318581,24.7652818497034,1.06350172210275,0.994648932003058,12.633975878356,5,435.5,697.5,64,62,alverjita,IMG_5676.jpeg
3524,209.93,0.46293761352698,83.7953570763323,71.2244403325997,63.1326932926891,483.544551645857,971.537457434733,155.22020431328,171.203461975028,116.99886492622,8.40074746030516,8.68934502339153,14.0056757833012,1.12817047108059,1.00483962372392,12.5058470204313,6,453.5,936.5,61,70,alverjita,IMG_5676.jpeg
3266,204.415,0.422477488009502,31.2432893986236,67.8372804684058,61.4859077385871,776.542253521127,449.289038579302,165.504592774036,184.194121249235,131.665033680343,9.07208550490951,10.1106728308653,12.6825723214178,1.10329802329376,0.98220133929503,12.7940882501531,7,743.5,416.5,66,64,alverjita,IMG_5676.jpeg
2543,180.201,0.377430001920816,-63.9602704347139,59.535104949304,55.1317764670009,778.071175776642,739.297286669288,131.345654738498,151.678725914274,102.293354305938,15.5757731329134,13.5714230800809,24.0353231213624,1.0798691564916,0.984105889237904,12.7693277235549,8,749.5,709.5,58,60,alverjita,IMG_5676.jpeg
3158,203.158,0.563288659122993,-36.5593387131203,70.1021488730542,57.9226142077385,809.366371120963,1265.63299556681,134.202976567448,150.97181760608,104.191576947435,13.5261556594762,11.9945676090318,23.8725571545153,1.21027253054626,0.961510723557907,13.069402458518,9,775.5,1234.5,67,65,alverjita,IMG_5676.jpeg
2718,185.129,0.396481617471595,-74.4236886228163,61.7268698459079,56.6678998347928,807.852832965416,1005.7200147167,129.286975717439,148.281824871229,101.763061074319,16.3966539552324,14.0370995128671,27.1247978801902,1.08927399861057,0.99657595837296,12.6095462255335,10,779.5,974.5,58,62,alverjita,IMG_5676.jpeg
3238,203.96,0.407382706945194,-0.637813525636203,67.2659290011494,61.4311166876043,852.546324891909,219.446263125386,161.773934527486,180.754478072884,122.263434218653,11.048584258176,12.4095219161911,13.3571954833552,1.0949813812309,0.978130276105166,12.8473383570105,11,819.5,188.5,67,62,alverjita,IMG_5676.jpeg
3170,201.338,0.505940775957055,-78.6140211092412,68.8061282761163,59.34997947536,922.69905362776,776.651104100946,136.091167192429,154.013880126183,112.522712933754,12.7668197261607,11.480187074198,21.5496144618636,1.15932859428674,0.982692464530337,12.7876940832808,12,893.5,743.5,58,67,alverjita,IMG_5676.jpeg
2736,185.311,0.194832989965053,11.6548237445089,59.7962917762443,58.650381462973,1122.97916666667,542.96418128655,131.804093567251,154.101973684211,101.717105263158,17.0254459968056,13.5319048727528,28.2600941469939,1.01953798568207,1.00120626321425,12.5512305266813,14,1093.5,513.5,59,61,alverjita,IMG_5676.jpeg
2543,178.91,0.391676571509731,-22.5593237155449,59.4466705184618,54.6970577106558,1146.40031458907,748.561541486433,166.139598898938,183.095556429414,133.597719229257,9.32572228522697,9.80818753879057,14.0735880260102,1.08683488667583,0.998359587138364,12.5870185214314,15,1116.5,720.5,60,58,alverjita,IMG_5676.jpeg
2982,192.903,0.501686221013357,-51.8063111919139,66.2913440029548,57.3453054098759,1223.68343393695,1036.08417169685,122.605633802817,143.469483568075,106.456069751844,19.8916743118299,15.7313354635321,28.8122457165868,1.15600298104853,1.00702334734107,12.4787281720322,16,1193.5,1004.5,61,64,alverjita,IMG_5676.jpeg
2709,187.023,0.398160237179308,54.8144841157156,61.6087632165255,56.5146969071031,1297.91029900332,632.955334071613,138.672942045035,157.980435585087,111.653746770026,14.1885413991507,11.9683229595075,24.6222510966369,1.09013701900933,0.973259901563421,12.9116288405316,17,1266.5,602.5,60,62,alverjita,IMG_5676.jpeg
3259,207.26,0.488321180817107,-0.564393152785271,69.6537596061927,60.7843271747242,1396.04878797177,129.508745013808,164.894139306536,183.850260816201,135.965019944768,12.2302003964569,12.3595724972097,14.898263669515,1.14591643674813,0.953373852892687,13.1809474071801,18,1362.5,99.5,70,60,alverjita,IMG_5676.jpeg
2726,185.906,0.32630485414907,-69.9033028538527,60.6741947118129,57.3531676931938,1548.37747615554,667.260821716801,136.801540719002,157.054292002935,111.191122523844,16.5986363265343,13.6287871906324,27.242030567092,1.05790485778196,0.991171720125423,12.6782981790169,19,1518.5,637.5,59,61,alverjita,IMG_5676.jpeg
2273,171.211,0.266802135072936,46.5224489032335,54.9688798166714,52.9763308791768,1562.06599208095,425.521777386714,136.031676198856,152.617245930488,104.886933567972,15.9306612545677,13.80630284405,28.8241232316525,1.03761206003562,0.974419512446569,12.8962633176419,20,1532.5,397.5,57,55,alverjita,IMG_5676.jpeg
3181,202.802,0.25364820883436,-82.1007258949402,64.9155676589,62.7926036483121,1619.33920150896,849.594467148695,166.476579691921,184.754479723357,130.446086136435,8.57217792253228,9.07289225074852,12.497320514983,1.03380914131986,0.971916747913894,12.929472242691,21,1588.5,816.5,63,65,alverjita,IMG_5676.jpeg
2990,192.448,0.258576283721831,21.5352607617122,62.8176944859655,60.6813175457111,1838.39698996656,128.64381270903,159.957859531773,176.275585284281,120.155852842809,11.8017907570109,12.1492188559961,15.2870096473968,1.0352065022096,1.01450513169705,12.3866999010033,22,1806.5,97.5,63,62,alverjita,IMG_5676.jpeg
3156,201.768,0.458412019750471,23.8399924740666,67.3035638401524,59.8153554138847,1867.24302915082,1152.66730038023,163.619455006337,179.717680608365,127.52598225602,10.4507594255801,10.3497544842077,16.539487106367,1.12518873079419,0.97418688885897,12.89934278327,23,1834.5,1121.5,66,62,alverjita,IMG_5676.jpeg
3815,220.591,0.530990638347377,19.2764727461264,75.8204743140999,64.2485780424518,222.294626474443,790.095937090432,155.675753604194,170.582961992136,118.467365661861,9.21715397655233,10.8304312635923,11.0084546693368,1.1801113211253,0.985210036379615,12.7550168495413,2,186.5,756.5,74,66,alverjita,IMG_5677.jpeg
3162,198.915,0.169835678747087,-0.487356343851868,63.9528281926908,63.0237467958447,266.998734977862,958.07495256167,114.932005060089,128.105313092979,89.297596457938,18.5801987060674,16.5552188363108,28.6417450727781,1.01474176709702,1.00423802427578,12.5133387808349,3,235.5,926.5,64,64,alverjita,IMG_5677.jpeg
3234,203.083,0.391673753196739,3.99455935372192,67.4182110265231,62.0317766380255,298.057823129252,615.572356215213,126.331787260359,143.122139764997,93.930426716141,14.961017416927,13.1443337244826,23.0718786065336,1.08683346956076,0.98537772137435,12.7528462860235,4,264.5,584.5,67,62,alverjita,IMG_5677.jpeg
3239,202.173,0.44754412664306,16.0261453964463,67.9678265136222,60.7810342155386,360.641556035814,343.044766903365,153.723988885458,169.767520839765,115.443655449213,11.2999320301596,12.7576103701719,13.1894246470388,1.11824070437167,0.995805454896438,12.6193028493362,5,327.5,311.5,67,62,alverjita,IMG_5677.jpeg
2850,188.81,0.303537500425478,-84.7996497111585,62.1922634873907,59.2580009513499,555.033333333333,1042.72771929825,124.996842105263,143.062807017544,96.9887719298246,16.0021384537394,13.7971026399725,23.0128357113356,1.04951673173129,1.0046267539365,12.508496877193,7,524.5,1011.5,61,63,alverjita,IMG_5677.jpeg
3341,213.668,0.614386172524416,7.4118359975756,74.0235431969804,58.4049804593416,594.145465429512,1436.73301406764,125.248129302604,141.565399580964,96.2891349895241,15.8831558879374,15.3245034909123,22.5425923916608,1.2674183368405,0.919617802206387,13.6647752840467,8,557.5,1407.5,72,57,alverjita,IMG_5677.jpeg
3477,213.099,0.38703521698957,-30.4972429993795,69.4181972501977,64.0080854018123,607.957722174288,567.992809893586,160.449525452977,178.090307736555,123.942766752948,9.06831240678641,10.4805651053884,11.5258454078602,1.08452231955421,0.962169821813028,13.060449755824,9,572.5,534.5,69,67,alverjita,IMG_5677.jpeg
3452,212.313,0.548848518430121,16.55588584305,72.9058195941152,60.9435660432141,768.79808806489,847.590961761298,132.377462340672,149.837485515643,109.5,14.2937186587251,12.8966404572595,21.5574344217189,1.19628410884947,0.962337649682849,13.0581720651796,10,734.5,817.5,70,61,alverjita,IMG_5677.jpeg
3086,209.865,0.375993689173418,-47.6015668944184,71.5200401256046,66.2720586298343,768.700259235256,315.335709656513,164.035644847699,180.454957874271,135.408943616332,16.6506878688125,17.7187942335422,17.9779976562041,1.07918844840905,0.880492689442733,14.2719760936487,11,735.5,281.5,67,69,alverjita,IMG_5677.jpeg
2707,186.41,0.383863963479569,-79.8637482858319,61.2083485437373,56.5191559304555,1014.14850387883,932.154783893609,155.658293313631,172.35980790543,117.723679349834,10.3638343209044,10.4425282295111,16.975584747345,1.08296643033827,0.978948188063258,12.8366043960103,12,985.5,902.5,56,60,alverjita,IMG_5677.jpeg
2882,191.315,0.226698581302536,-30.0409203755531,61.5131206699514,59.9116244262858,1044.45975017349,278.075641915337,127.986467730743,149.501734906315,98.5610687022901,16.2451335435079,13.7535012275846,26.2971548125482,1.02673097681797,0.989477211066015,12.7000101405274,13,1012.5,248.5,62,61,alverjita,IMG_5677.jpeg
2913,192.655,0.432493976680381,-72.248940135599,64.4064166209199,58.0711968466731,1130.54926192928,1194.6687263989,122.292481977343,142.263645726056,95.2869893580501,16.5822418145825,14.2073237972126,26.5042117538429,1.1090940107705,0.986256274222488,12.7414861053896,14,1101.5,1161.5,59,66,alverjita,IMG_5677.jpeg
2849,191.488,0.421631595671696,26.5056722759456,63.5376645563063,57.6138716745038,1149.01017901018,576.067041067041,135.724464724465,154.605475605476,108.294489294489,14.7471753247609,12.5727455506494,23.8617560145726,1.10281886479127,0.976380701631756,12.8703594749035,15,1117.5,546.5,63,59,alverjita,IMG_5677.jpeg
3430,213.04,0.483063354707598,32.4089351805078,71.1219028319022,62.2732998472755,1248.38804664723,185.544314868805,157.625072886297,178.037900874636,125.138775510204,13.6798993161295,13.3199306313071,15.4432133442234,1.14209304800497,0.949689589304302,13.2320820991254,16,1215.5,151.5,68,67,alverjita,IMG_5677.jpeg
3160,200.131,0.491636819847761,-53.0895732993659,68.0397230955768,59.2490142092948,1249.17088607595,1055.89462025316,117.088607594937,136.845886075949,99.5367088607595,20.4072279081155,16.6123516341995,30.11926142454,1.1483688632393,0.991444061459574,12.6748155572785,17,1218.5,1022.5,63,67,alverjita,IMG_5677.jpeg
3295,205.176,0.398172740409135,-29.5243468283469,67.9019739555266,62.2871905484013,1415.9908952959,801.720789074355,164.992109256449,183.711077389985,132.012746585736,9.91597661557551,10.3585236421368,11.3142916302852,1.09014346862799,0.983585607835913,12.7760822385432,18,1383.5,768.5,68,65,alverjita,IMG_5677.jpeg
2852,189.33,0.307179164976978,-54.2088381282121,61.9125838548825,58.9192157579263,1540.30259467041,500.944600280505,132.747194950912,153.118863955119,107.111851332398,16.0278030046087,13.4538809141369,26.3009810891567,1.05080461541197,0.999816996722105,12.5686707223001,19,1509.5,470.5,60,61,alverjita,IMG_5677.jpeg
3113,196.988,0.23941108409149,12.5185312978704,64.1030210298024,62.2387957917714,1630.0497911982,150.507870221651,167.507870221651,184.484741407003,137.528107934468,10.7566273165602,11.3058883868631,11.5716415860525,1.02995278450226,1.00811352877157,12.4652335830389,20,1598.5,119.5,64,62,alverjita,IMG_5677.jpeg
2413,175.991,0.29357092303658,35.4752296681233,56.8696857490696,54.3638535974325,1899.0111893908,383.227932034811,133.076668048073,149.167426440116,101.616245337754,15.6670479525306,13.9166906443353,27.0714048984705,1.04609371826716,0.979008061424575,12.8358193456278,21,1868.5,354.5,58,57,alverjita,IMG_5677.jpeg
3394,217.771,0.582157549420019,-30.7136736148245,73.0752395653129,59.4157237489167,2028.34619917501,1429.24012964054,155.60489098409,171.747790218032,120.780200353565,10.3728766047217,10.5125654036743,16.452344611799,1.229897322704,0.899335239684513,13.9729547557454,22,1992.5,1396.5,70,64,alverjita,IMG_5677.jpeg
3240,201.644,0.231782723853689,12.4097723426897,65.3303482013449,63.5512448622169,232.312962962963,1214.03765432099,112.070679012346,124.237345679012,86.5898148148148,21.0538850156739,19.6134808908571,31.4790092314669,1.02799478346939,1.00134622840561,12.5494761530864,2,199.5,1183.5,65,62,alverjita,IMG_5678.jpeg
3653,214.934,0.437010626808222,75.0067911084256,72.0162223424876,64.7754479485688,255.298932384342,486.848343826992,151.857924993156,166.884752258418,112.28661374213,9.14045901382526,9.38247300842251,13.7482341334662,1.11178269889647,0.993686281068975,12.6462152630714,3,223.5,451.5,65,70,alverjita,IMG_5678.jpeg
2866,191.349,0.220658733968102,79.708606483727,61.6146996285744,60.0959636328712,299.96964410328,956.951849267271,123.648639218423,140.590718771807,95.2899511514306,16.9575713185503,15.559971389442,25.2538667099149,1.02527184695766,0.983634281351746,12.7754500352407,4,269.5,925.5,62,64,alverjita,IMG_5678.jpeg
3595,214.653,0.358276650445672,70.84999187215,70.3577891727495,65.6871202530214,320.893741307371,711.391933240612,162.743532684284,179.170514603616,130.08511821975,10.0671857828683,11.5978150532287,11.0959536537433,1.07110479043284,0.980471182394629,12.8166649260083,6,288.5,677.5,66,70,alverjita,IMG_5678.jpeg
3092,198.336,0.422715487655298,74.6248610377606,65.9735185721244,59.7893221473843,351.998382923674,331.87063389392,130.107697283312,142.803040103493,97.6245148771022,14.9976935227115,13.9704250565647,24.1092296364482,1.10343312488969,0.987748204308357,12.7222409107374,7,320.5,299.5,62,65,alverjita,IMG_5678.jpeg
3208,200.188,0.359506580620745,4.08584643469241,66.6182108564411,62.1642871503723,547.964775561097,699.403990024938,129.081982543641,147.642456359102,98.4170822942643,15.7345401140573,13.403629364873,24.9588369814056,1.07164762776568,1.00593088436846,12.4922803441396,8,515.5,668.5,66,62,alverjita,IMG_5678.jpeg
2987,194.4,0.358886172549412,-64.6762366959442,64.4697966845678,60.1749048491842,575.525945764982,1271.44559758955,121.056913290927,138.11583528624,93.6585202544359,16.5366135081015,15.283434257049,25.0540988050297,1.07137347115293,0.993236258898617,12.6519450954135,9,545.5,1238.5,61,65,alverjita,IMG_5678.jpeg
3437,207.227,0.390702022861899,32.4943335554078,68.98280411379,63.4998582093955,686.958975851033,271.574047134129,156.691300552808,176.081757346523,114.191155077102,12.4778671328811,14.1212530050819,12.8680214211514,1.08634579759712,1.00576545891773,12.4943350389875,10,652.5,238.5,69,65,alverjita,IMG_5678.jpeg
2761,186.998,0.40293390080927,81.9285504308789,62.0852205590145,56.8221993854354,754.347700108656,1008.28612821442,157.812386816371,173.736689605216,120.084389713872,9.54639351377702,9.89267723143901,14.9579766078735,1.0926226233849,0.992207138700466,12.6650677305324,11,726.5,977.5,57,62,alverjita,IMG_5678.jpeg
2913,191.025,0.238178668056844,1.82400338581224,61.9311680561957,60.1488730096636,807.181256436663,590.295914864401,125.777205629935,146.860624785445,95.2667353244078,17.5347027040547,14.5645519077775,26.7863683313652,1.029631395525,1.00315936516862,12.5267938980433,12,775.5,560.5,62,60,alverjita,IMG_5678.jpeg
3430,210.27,0.519367983271721,21.741444699554,71.8868952423411,61.4309966115476,1064.7332361516,1018.99883381924,133.34110787172,151.454227405248,108.047813411079,14.1748332571572,13.0992834127173,22.1726710804235,1.17020558362271,0.97487594572676,12.890225335277,13,1030.5,987.5,69,63,alverjita,IMG_5678.jpeg
2845,190.232,0.411237229336018,57.525159171326,63.4169489080695,57.8063470908205,1089.66080843585,583.093848857645,136.253778558875,156.031634446397,107.105096660808,13.3726578831933,11.8078729025323,23.0422895635997,1.09705857746787,0.987927300632384,12.7199345602812,14,1058.5,551.5,61,64,alverjita,IMG_5678.jpeg
3444,213.975,0.488018494717635,-8.07962481983687,71.4892208649611,62.3981717111923,1128.01161440186,261.100464576074,160.957897793264,180.597270615563,130.474738675958,14.3227688109883,14.402540502087,16.0131082147684,1.14569415905079,0.94525054559152,13.2942220165505,15,1094.5,228.5,71,64,alverjita,IMG_5678.jpeg
3373,208.764,0.574724366836939,-7.4636676156538,72.7920344317979,59.5691469930104,1132.2517047139,1421.6356359324,129.340053364957,146.610435813816,99.5389860658168,13.9076235397656,13.3871110692913,23.8248484884154,1.22197543705534,0.972556825632277,12.9209628508746,16,1095.5,1392.5,70,59,alverjita,IMG_5678.jpeg
3187,200.015,0.507634871277885,75.5482156683813,68.8401589665586,59.3107744661355,1291.05020395356,980.370567932225,118.465327894572,139.927204267336,101.445873862567,20.6695438639648,17.2340805240586,29.3140420495197,1.16066869108014,1.00107541175625,12.5528711091936,17,1261.5,946.5,60,68,alverjita,IMG_5678.jpeg
2405,172.268,0.23078886205707,35.9604150620993,56.2169112690557,54.6992713609224,1472.55758835759,265.649896049896,127.414137214137,144.68814968815,95.5746361746362,16.5109442770928,14.6220850482737,27.9462123973389,1.02774515766617,1.018393740761,12.339402837422,18,1444.5,238.5,55,55,alverjita,IMG_5678.jpeg
3307,204.44,0.340299212618817,-44.2502936297381,67.1042935874492,63.0993217850824,1488.75143634714,835.080737828848,164.186271545207,183.182945267614,128.430904142728,10.1658845026768,11.1332239070884,12.2879221732536,1.06347091678747,0.99428826648113,12.6385586936801,19,1455.5,803.5,67,65,alverjita,IMG_5678.jpeg
3414,211.834,0.531192329614366,-23.079966887958,71.764867477164,60.8028748760293,1806.51171646163,1189.01493848858,161.260398359695,177.306678383128,129.111599297012,11.5678042380396,11.9828707187808,14.3562974302636,1.18028740620382,0.956053172367946,13.1440080714704,20,1772.5,1156.5,71,64,alverjita,IMG_5678.jpeg
3140,198.543,0.280030773217146,7.39380884958381,64.654037976726,62.0672961193361,1911.80318471338,317.167197452229,163.714968152866,180.555732484076,130.274522292994,10.7848414689459,11.2258128624824,12.4576295185668,1.04167640640276,1.00099141429287,12.5539244742038,21,1879.5,284.5,64,64,alverjita,IMG_5678.jpeg
2894,192.34,0.246153370602177,79.3982358767897,61.7470452271589,59.8471436007397,1929.16447823082,798.740497581202,131.428472702142,151.167242570836,104.627159640636,15.2093888018328,12.9692536325036,26.4288903374732,1.03174590318118,0.98303542247997,12.7832327574292,22,1898.5,767.5,61,62,alverjita,IMG_5678.jpeg
4176,234.014,0.476602042763658,21.3814061095886,77.9230799329202,68.5036723693542,191.841714559387,579.775143678161,159.502155172414,175.620689655172,124.426005747126,10.1981327468211,11.7032895975662,11.3924140720669,1.13750222780436,0.958267311898531,13.1136379779693,1,154.5,542.5,76,72,alverjita,IMG_5679.jpeg
3592,212.768,0.201269643973801,52.8106835869849,68.8958284736494,67.485935627879,253.377783964365,863.233296213808,112.506959910913,125.533964365256,86.9760579064588,19.1778658647466,16.8447946155002,27.5611365230804,1.02089165442626,0.997088183536314,12.6030684365256,2,219.5,828.5,69,69,alverjita,IMG_5679.jpeg
4430,235.303,0.357568686594976,-73.6610690749964,77.8340432636968,72.6881888930461,358.473137697517,245.058916478555,158.258239277652,172.886230248307,121.565011286682,11.902009922893,13.8039416693078,12.4463243755124,1.07079354223865,1.00544579406258,12.4983074060948,3,322.5,207.5,71,76,alverjita,IMG_5679.jpeg
3700,222.502,0.367466499251521,0.905117752518783,71.8530471660048,66.8259750656044,492.994864864865,574.613243243243,125.850810810811,143.058108108108,95.8751351351351,14.8980825941384,13.3649312001418,22.9687324192329,1.07522631874006,0.939169002074696,13.3803081091892,4,457.5,541.5,72,67,alverjita,IMG_5679.jpeg
3217,202.182,0.249626288431631,-76.8162036678215,65.6031505579671,63.5263025196326,504.786136151694,774.937519428039,125.38141125272,143.751631955238,97.2132421510724,15.7031405143278,13.544341151113,23.1136449591443,1.0326927265709,0.988953674211708,12.7067333304321,5,472.5,742.5,65,66,alverjita,IMG_5679.jpeg
3573,212.487,0.410968807588034,52.6524577958747,70.6917548227024,64.4460962827273,563.495941785614,366.180240694095,128.048418695774,140.852504897845,95.0556954939827,15.1866755078358,13.9110241523711,25.0235159086673,1.09691290706849,0.994439004845329,12.6366429244332,6,530.5,331.5,66,70,alverjita,IMG_5679.jpeg
4085,229.887,0.520986503895809,-11.4801229006806,78.704025467162,67.178994745311,583.547613219094,1037.69547123623,127.975030599755,144.671725826193,104.470746634027,14.5605010649962,13.4106648426275,22.878376605809,1.17155705835648,0.971344083592245,12.9370949250918,7,544.5,1001.5,77,70,alverjita,IMG_5679.jpeg
3435,207.028,0.280143737338993,18.1208326715524,67.6313725026242,64.9232814763761,710.854148471616,819.545851528384,123.978165938865,143.567976710335,94.6946142649199,16.8128324334041,14.0422948509865,25.6096694434975,1.04171217111436,1.00711353382022,12.4776107085881,8,676.5,786.5,67,66,alverjita,IMG_5679.jpeg
4113,232.609,0.50056593067078,-59.5059348051321,78.398909297828,67.8698116671082,788.867007050814,1446.5985898371,126.478969122295,142.269632871383,96.8626306831996,15.6161895847595,14.6255797146872,22.4620485504264,1.15513668554679,0.955246697813751,13.1551050038901,9,752.5,1406.5,73,77,alverjita,IMG_5679.jpeg
3108,197.526,0.419305928151722,51.1585628068396,66.1590497023966,60.0621622800122,895.726512226512,912.692084942085,155.195624195624,172.194980694981,117.763835263835,10.2102622994883,10.4102806521625,14.3911589894432,1.10150962254673,1.0010190348278,12.5535780810811,10,864.5,879.5,64,65,alverjita,IMG_5679.jpeg
3941,222.51,0.373495942161398,29.1577873248735,73.595795937452,68.269801642377,1025.00456736869,173.806648058868,158.942400405988,177.633088048719,118.442273534636,14.1066633361771,15.1616120022648,13.387604286627,1.07801391196322,1.00026997176696,12.5629789647298,11,988.5,138.5,74,70,alverjita,IMG_5679.jpeg
3203,199.403,0.38100214651515,88.98152982421,66.6880817574682,61.6580767044896,1034.37464876678,725.625663440524,123.638776147362,144.838588822978,95.9450515142054,15.0133717621488,12.7097707723638,23.4458479366255,1.08157901319378,1.01228645739536,12.4138483949422,12,1004.5,692.5,61,66,alverjita,IMG_5679.jpeg
3256,203.787,0.418210006339454,57.8713368460922,67.8938168953979,61.6713735451098,1172.1078009828,625.945024570025,131.517813267813,151.415847665848,103.984643734644,13.9373291901855,12.0178175743568,22.6987702908069,1.10089678553594,0.985238350025119,12.7546502976044,13,1138.5,592.5,65,68,alverjita,IMG_5679.jpeg
3714,221.576,0.506592168453242,-23.13341847273,74.1185387642769,63.9039525479769,1403.13004846527,1494.33010231556,105.22563274098,125.492460958535,89.2821755519655,23.8745764335688,20.9059832837593,31.8046669239293,1.15984279233168,0.95061864350834,13.219150182014,14,1366.5,1460.5,73,67,alverjita,IMG_5679.jpeg
3779,220.798,0.306501303127973,80.6678968014799,71.4092568319403,67.9723463406844,1409.95422069331,832.467054776396,161.942048160889,180.656522889653,126.829849166446,11.7332526939057,12.366044189277,12.444876795185,1.05056336401909,0.974084169778411,12.9007030441916,15,1374.5,795.5,70,71,alverjita,IMG_5679.jpeg
3538,210.741,0.143731577340243,-23.0211544789,67.838601142217,67.1342133064064,1570.37139626908,587.088468061051,164.828151498021,183.453363482193,136.736856981345,14.2247749654959,14.9718311036852,14.4708574372844,1.01049223341005,1.00108192385931,12.5527894519503,16,1536.5,554.5,67,67,alverjita,IMG_5679.jpeg
3927,228.242,0.495832677919211,60.0874124140641,76.2880723442285,66.2499410413564,1627.0623885918,142.232492997199,157.328495034377,177.565826330532,125.133944486886,13.2502678430589,13.1481694207617,16.3061916520865,1.1515190979054,0.947282767351065,13.2657016969697,17,1590.5,104.5,72,75,alverjita,IMG_5679.jpeg
3231,201.661,0.308755356969337,78.964860786469,65.8448059034912,62.6277266415458,1788.88517486846,441.856700711854,129.452491488703,149.639430516868,103.398019189106,15.9264996906845,13.3759515335512,26.3833852594204,1.05136829060328,0.998396360411304,12.5865549121015,18,1757.5,409.5,63,65,alverjita,IMG_5679.jpeg
3698,218.061,0.520709716922227,-11.3743607459328,74.4280259774303,63.5417209839175,1800.29015684154,826.216333153056,162.326933477555,180.128718226068,128.505949161709,11.2940357754319,11.962441563006,13.1512535167177,1.17132530918179,0.977283962864032,12.8584639591671,19,1764.5,793.5,74,64,alverjita,IMG_5679.jpeg
2822,188.8,0.295120839225288,28.2561433538033,61.4574831551149,58.7201629527837,1946.38377037562,173.734939759036,126.640680368533,142.689227498228,93.9153082919915,15.3447173614146,13.3506476152346,26.2010385281005,1.04661635909512,0.994862116268493,12.6312686038271,20,1916.5,145.5,60,58,alverjita,IMG_5679.jpeg
